Player,Position,General_Position,Games_Played,Games_Started,Games_Missed,Minutes,FG,FGA,FG%,3P,3PA,3P%,FT,FTA,FT%,REB,AST,STL,BLK,TOV,PTS,Season
Precious Achiuwa,PF,F,46,2,3,12.7,2.1,3.8,0.56,0.0,0.0,0.0,1.0,2.0,0.5,3.6,0.5,0.3,0.5,0.8,5.3,2020-2021
Jaylen Adams,PG,G,7,0,29,2.59,0.1,1.1,0.125,0.0,0.3,0.0,0.0,0.0,0.0,0.4,0.3,0.0,0.0,0.0,0.3,2020-2021
Steven Adams,C,C,44,44,3,28.32,3.4,5.5,0.627,0.0,0.1,0.0,1.0,2.2,0.455,8.9,2.0,0.9,0.7,1.5,7.9,2020-2021
Bam Adebayo,C,C,43,43,6,33.7,7.2,12.8,0.558,0.0,0.2,0.286,4.9,5.9,0.834,9.5,5.3,0.9,1.2,2.7,19.3,2020-2021
LaMarcus Aldridge,C,C,22,19,22,26.08,5.4,11.7,0.461,1.3,3.5,0.368,1.5,1.8,0.846,4.7,1.9,0.5,0.9,0.9,13.6,2020-2021
Ty-Shon Alexander,SG,G,4,0,43,2.43,0.0,1.0,0.0,0.0,0.5,0.0,0.0,0.0,0.0,0.2,0.2,0.0,0.0,0.0,0.0,2020-2021
Nickeil Alexander-Walker,SG,G,39,9,8,20.52,3.9,9.2,0.427,1.6,4.6,0.354,0.9,1.2,0.756,3.1,2.0,0.9,0.5,1.4,10.3,2020-2021
Grayson Allen,SG,G,32,20,13,24.22,3.2,7.6,0.418,2.0,5.0,0.406,1.4,1.6,0.902,3.2,2.1,1.0,0.2,0.9,9.8,2020-2021
Jarrett Allen,C,C,44,26,5,28.66,4.8,7.5,0.633,0.1,0.3,0.417,3.5,4.9,0.704,9.9,1.7,0.5,1.7,1.5,13.1,2020-2021
Al-Farouq Aminu,PF,F,18,14,29,21.06,2.0,5.0,0.4,0.4,1.8,0.219,0.9,1.1,0.842,5.3,1.6,0.9,0.5,1.5,5.3,2020-2021
Kyle Anderson,PF,F,43,43,2,27.2,4.6,9.7,0.48,1.3,3.7,0.356,1.9,2.6,0.755,5.7,3.3,1.1,0.7,1.4,12.5,2020-2021
Giannis Antetokounmpo,PF,F,44,44,3,34.0,10.2,18.4,0.557,1.2,3.8,0.307,6.7,9.9,0.682,11.3,6.2,1.1,1.3,3.8,28.3,2020-2021
Kostas Antetokounmpo,PF,F,7,0,41,4.06,0.3,0.7,0.4,0.0,0.0,0.0,0.3,0.6,0.5,1.4,0.0,0.3,0.4,0.9,0.9,2020-2021
Thanasis Antetokounmpo,SF,F,35,1,12,9.91,1.4,2.5,0.562,0.2,0.5,0.368,0.3,0.7,0.462,2.2,0.8,0.4,0.2,0.8,3.4,2020-2021
Carmelo Anthony,PF,F,46,3,1,25.88,5.0,11.8,0.418,1.7,4.6,0.381,2.3,2.6,0.867,3.3,1.7,0.8,0.7,1.1,13.9,2020-2021
Cole Anthony,PG,G,25,17,23,26.68,4.0,10.8,0.375,1.1,3.3,0.325,1.8,2.2,0.836,4.4,3.8,0.7,0.4,2.0,11.0,2020-2021
OG Anunoby,SF,F,30,30,18,33.55,5.3,11.1,0.479,2.4,5.9,0.403,1.8,2.4,0.761,6.1,1.9,1.7,0.8,1.8,14.8,2020-2021
Ryan Arcidiacono,PG,G,29,0,17,11.33,1.1,3.0,0.384,0.6,1.7,0.32,0.4,0.6,0.75,1.6,1.4,0.2,0.0,0.2,3.2,2020-2021
Trevor Ariza,SF,F,8,5,41,23.57,2.1,7.0,0.304,0.9,3.8,0.233,1.0,1.4,0.727,4.4,1.5,0.6,0.9,0.5,6.1,2020-2021
D.J. Augustin,PG,G,44,6,4,19.47,2.2,5.5,0.394,1.4,3.5,0.385,1.1,1.2,0.909,1.6,3.2,0.5,0.0,1.0,6.8,2020-2021
Deni Avdija,SF,F,43,21,4,22.58,2.4,5.7,0.424,1.0,3.1,0.323,0.4,0.7,0.613,4.8,1.2,0.6,0.2,0.7,6.2,2020-2021
Deandre Ayton,C,C,47,47,0,30.57,6.3,10.3,0.608,0.1,0.4,0.235,2.0,2.6,0.764,10.9,1.5,0.4,1.1,1.7,14.6,2020-2021
Udoka Azubuike,C,C,12,0,35,4.08,0.3,0.6,0.571,0.0,0.0,0.0,0.3,0.5,0.667,1.1,0.0,0.1,0.3,0.2,1.0,2020-2021
Dwayne Bacon,SG,G,48,30,0,25.34,3.8,9.5,0.402,1.0,3.0,0.326,1.8,2.1,0.843,3.0,1.2,0.5,0.1,0.7,10.4,2020-2021
Marvin Bagley III,PF,F,37,37,11,25.71,5.6,11.2,0.502,0.9,2.6,0.354,1.6,2.9,0.56,7.4,0.9,0.5,0.5,1.3,13.9,2020-2021
LaMelo Ball,PG,G,41,21,6,28.63,5.8,12.8,0.451,2.0,5.3,0.375,2.4,3.0,0.789,5.9,6.1,1.6,0.3,2.8,15.9,2020-2021
Lonzo Ball,PG,G,38,38,9,31.71,5.2,12.1,0.425,3.0,7.8,0.385,0.9,1.1,0.767,4.2,5.6,1.3,0.6,2.0,14.2,2020-2021
Mo Bamba,C,C,26,0,22,11.48,2.3,4.9,0.469,0.5,1.7,0.289,0.5,0.8,0.591,4.2,0.4,0.2,1.0,0.5,5.6,2020-2021
Desmond Bane,SG,G,41,11,4,22.62,3.5,7.4,0.48,1.7,3.8,0.455,0.6,0.8,0.839,3.0,1.4,0.7,0.1,1.0,9.4,2020-2021
Harrison Barnes,PF,F,45,45,3,35.91,5.2,10.8,0.484,1.5,4.1,0.362,3.5,4.3,0.823,6.7,3.6,0.7,0.2,1.5,15.5,2020-2021
RJ Barrett,SG,G,48,48,0,34.19,6.6,14.9,0.444,1.2,3.5,0.343,3.0,4.1,0.729,6.1,3.1,0.7,0.2,2.0,17.5,2020-2021
Will Barton,SF,F,45,41,3,31.04,4.7,10.9,0.429,1.7,4.6,0.374,1.4,1.8,0.747,4.1,3.1,0.9,0.5,1.6,12.4,2020-2021
Keita Bates-Diop,SF,F,16,0,30,7.38,0.7,2.0,0.344,0.3,0.9,0.333,0.4,0.6,0.7,1.2,0.4,0.4,0.1,0.1,2.1,2020-2021
Nicolas Batum,SF,F,47,38,3,28.81,2.9,6.3,0.458,1.8,4.3,0.423,0.8,1.0,0.848,4.9,2.4,1.1,0.4,0.8,8.4,2020-2021
Aron Baynes,C,C,45,31,3,18.34,2.4,5.7,0.42,0.4,1.9,0.235,0.6,0.8,0.735,5.0,0.9,0.3,0.4,0.8,5.8,2020-2021
Kent Bazemore,SF,F,46,1,2,16.39,2.2,4.8,0.457,0.9,2.3,0.393,0.7,1.0,0.696,2.9,1.5,0.8,0.5,1.1,6.0,2020-2021
Darius Bazley,PF,F,36,36,11,30.68,4.4,11.2,0.392,1.5,5.2,0.29,1.6,2.2,0.704,7.5,1.5,0.5,0.6,1.8,11.9,2020-2021
Bradley Beal,SG,G,41,41,6,35.47,11.0,22.6,0.485,2.2,6.5,0.338,7.2,8.0,0.902,5.0,4.8,1.2,0.4,3.3,31.3,2020-2021
Malik Beasley,SG,G,36,35,12,32.93,7.3,16.3,0.446,3.5,8.8,0.402,1.9,2.2,0.85,4.4,2.4,0.8,0.2,1.7,20.0,2020-2021
Jordan Bell,C,C,3,1,1,16.59,1.7,5.0,0.333,0.0,0.7,0.0,0.0,0.0,0.0,5.3,1.7,0.3,1.0,1.0,3.3,2020-2021
DeAndre' Bembry,SF,F,32,7,16,17.14,2.0,3.7,0.534,0.3,0.9,0.321,0.5,0.8,0.68,2.4,1.9,0.7,0.3,1.0,4.8,2020-2021
Davis Bertans,PF,F,35,3,12,24.68,3.2,8.2,0.389,2.8,7.3,0.382,1.7,1.9,0.853,2.9,0.9,0.6,0.2,0.6,10.8,2020-2021
Patrick Beverley,PG,G,29,29,21,23.76,2.8,6.2,0.442,1.7,4.1,0.42,1.1,1.3,0.795,3.7,2.1,0.9,0.8,0.9,8.3,2020-2021
Saddiq Bey,SF,F,46,29,2,24.96,3.4,8.5,0.402,2.2,5.9,0.38,1.6,1.8,0.88,4.1,1.3,0.6,0.1,0.8,10.7,2020-2021
Tyler Bey,SF,F,9,0,37,3.52,0.3,1.2,0.273,0.0,0.1,0.0,0.2,0.4,0.5,1.3,0.1,0.0,0.1,0.0,0.9,2020-2021
Khem Birch,C,C,47,5,1,19.9,2.0,4.4,0.454,0.1,0.4,0.19,1.3,1.8,0.741,5.1,1.1,0.7,0.6,0.5,5.4,2020-2021
Goga Bitadze,C,C,27,0,19,9.56,1.7,3.4,0.495,0.3,1.1,0.233,0.7,1.0,0.692,2.4,0.3,0.2,1.0,0.4,4.3,2020-2021
Bismack Biyombo,C,C,45,26,2,21.49,2.2,4.0,0.567,0.0,0.0,0.0,0.8,1.7,0.493,5.3,1.3,0.3,1.2,1.1,5.3,2020-2021
Nemanja Bjelica,PF,F,29,1,19,16.09,2.5,5.4,0.462,0.7,2.2,0.302,1.1,1.4,0.762,3.6,1.7,0.3,0.1,1.0,6.7,2020-2021
Eric Bledsoe,SG,G,46,45,1,29.94,4.1,9.9,0.418,1.8,4.9,0.371,1.4,2.2,0.653,3.4,3.9,0.7,0.3,1.6,11.5,2020-2021
Keljin Blevins,SF,F,9,0,38,5.21,0.2,1.2,0.182,0.0,0.4,0.0,0.0,0.0,0.0,0.2,0.4,0.2,0.0,0.3,0.4,2020-2021
Bogdan Bogdanovic,SG,G,23,6,25,24.85,4.3,9.8,0.438,2.1,5.8,0.366,0.7,0.7,0.941,3.3,2.6,0.7,0.3,0.9,11.4,2020-2021
Bojan Bogdanovic,SF,F,47,47,0,30.1,4.8,11.6,0.41,2.4,6.3,0.386,2.7,3.1,0.876,3.8,1.9,0.5,0.0,1.4,14.7,2020-2021
Bol Bol,PF,F,20,2,28,5.33,1.0,1.8,0.528,0.4,0.9,0.5,0.2,0.4,0.571,0.8,0.3,0.1,0.3,0.4,2.6,2020-2021
Marques Bolden,C,C,6,0,26,4.77,0.2,0.5,0.333,0.0,0.0,0.0,0.8,1.3,0.625,1.0,0.0,0.3,0.3,0.3,1.2,2020-2021
Jordan Bone,PG,G,14,0,8,13.99,1.6,3.9,0.426,0.7,2.3,0.312,0.0,0.0,0.0,1.7,1.3,0.1,0.0,0.2,4.0,2020-2021
Isaac Bonga,SF,F,30,7,17,11.85,0.8,2.1,0.381,0.4,1.2,0.297,0.1,0.2,0.5,2.0,0.6,0.3,0.2,0.5,2.1,2020-2021
Devin Booker,SG,G,43,43,4,33.95,9.4,19.0,0.495,2.0,5.8,0.351,4.6,5.4,0.85,4.1,4.5,0.9,0.3,3.3,25.5,2020-2021
Chris Boucher,C,C,48,3,0,23.14,4.7,8.9,0.527,1.5,3.7,0.407,2.4,3.1,0.767,6.3,1.0,0.5,1.9,0.7,13.3,2020-2021
Brian Bowen,SF,F,3,0,43,2.74,0.3,0.7,0.5,0.0,0.0,0.0,0.3,0.3,1.0,0.3,0.0,0.0,0.0,0.0,1.0,2020-2021
Avery Bradley,SG,G,12,1,37,20.56,3.0,6.9,0.434,1.4,3.9,0.362,0.6,0.8,0.778,1.8,1.5,0.8,0.1,0.9,8.0,2020-2021
Tony Bradley,C,C,22,8,25,14.52,2.5,3.7,0.671,0.0,0.0,0.0,0.5,0.8,0.706,5.3,0.9,0.3,0.6,0.5,5.5,2020-2021
Jarrell Brantley,PF,F,15,0,32,2.88,0.5,1.2,0.444,0.3,0.7,0.4,0.1,0.1,1.0,0.6,0.2,0.2,0.1,0.1,1.5,2020-2021
Ignas Brazdeikis,SF,F,4,0,45,1.77,0.0,0.2,0.0,0.0,0.0,0.0,0.5,0.5,1.0,0.5,0.2,0.0,0.0,0.2,0.5,2020-2021
Mikal Bridges,SF,F,47,47,0,32.57,4.9,9.4,0.525,1.7,4.3,0.405,1.6,2.0,0.826,4.9,2.3,0.9,0.9,0.9,13.2,2020-2021
Miles Bridges,PF,F,47,2,0,26.58,3.7,7.4,0.493,1.2,3.3,0.369,1.1,1.3,0.898,5.7,2.0,0.6,0.7,1.5,9.7,2020-2021
Malcolm Brogdon,PG,G,44,44,2,35.22,8.0,17.5,0.458,2.7,6.7,0.403,2.5,2.8,0.872,4.8,5.9,1.0,0.2,2.1,21.2,2020-2021
Dillon Brooks,SF,F,42,42,3,29.2,6.1,15.2,0.4,1.8,5.7,0.319,2.2,2.6,0.852,2.9,2.4,1.3,0.4,1.9,16.1,2020-2021
Bruce Brown,PG,G,45,29,4,21.57,3.5,6.3,0.547,0.2,0.9,0.25,1.3,1.7,0.756,4.6,1.5,0.8,0.3,0.8,8.5,2020-2021
Jaylen Brown,SG,G,44,44,4,34.06,9.2,19.1,0.485,2.6,6.8,0.391,3.4,4.5,0.756,5.6,3.7,1.2,0.5,2.8,24.5,2020-2021
Moses Brown,C,C,18,7,29,18.89,3.3,5.5,0.596,0.0,0.0,0.0,2.3,3.8,0.603,8.2,0.2,0.6,1.2,0.7,8.8,2020-2021
Sterling Brown,SG,G,45,12,2,24.35,2.8,6.5,0.435,1.7,4.3,0.404,0.5,0.5,0.917,4.6,1.4,0.8,0.3,0.8,7.9,2020-2021
Troy Brown Jr.,SF,F,24,0,22,13.9,1.7,4.2,0.392,0.7,2.1,0.32,0.5,0.8,0.667,2.7,0.9,0.2,0.2,0.7,4.5,2020-2021
Jalen Brunson,PG,G,42,10,4,25.18,4.7,8.8,0.536,1.2,3.0,0.397,2.0,2.5,0.802,3.5,3.3,0.5,0.0,1.4,12.7,2020-2021
Thomas Bryant,C,C,10,10,37,27.08,5.9,9.1,0.648,0.9,2.1,0.429,1.6,2.4,0.667,6.1,1.5,0.4,0.8,1.1,14.3,2020-2021
Reggie Bullock,SF,F,41,40,7,27.9,3.3,7.8,0.419,2.0,5.1,0.389,0.6,0.7,0.862,3.4,1.4,0.8,0.2,0.8,9.1,2020-2021
Trey Burke,PG,G,45,0,1,14.82,2.5,5.6,0.45,1.0,2.8,0.376,0.7,0.8,0.868,0.9,1.4,0.6,0.1,0.5,6.8,2020-2021
Alec Burks,SG,G,36,5,12,26.36,4.4,10.4,0.423,2.0,5.0,0.408,2.2,2.6,0.848,4.5,2.2,0.8,0.3,1.0,13.0,2020-2021
Jimmy Butler,SF,F,34,34,15,33.71,7.1,14.7,0.485,0.4,2.0,0.206,6.7,7.9,0.848,7.6,7.2,2.0,0.4,2.2,21.4,2020-2021
Bruno Caboclo,PF,F,6,0,3,6.07,1.3,2.8,0.471,0.0,0.8,0.0,0.2,0.3,0.5,2.3,0.2,0.0,0.3,0.7,2.8,2020-2021
Devontae Cacok,PF,F,10,1,38,4.77,0.9,1.4,0.643,0.0,0.0,0.0,0.0,0.2,0.0,1.5,0.1,0.4,0.1,0.3,1.8,2020-2021
Kentavious Caldwell-Pope,SG,G,44,44,4,26.17,2.8,6.7,0.415,1.4,3.7,0.391,1.3,1.5,0.851,2.4,1.5,0.8,0.3,1.0,8.3,2020-2021
Facundo Campazzo,PG,G,42,1,6,18.1,1.5,4.0,0.369,1.0,2.8,0.347,0.8,1.0,0.805,1.4,2.8,1.0,0.2,1.0,4.7,2020-2021
Vlatko Cancar,PF,F,25,0,23,5.92,0.6,1.3,0.424,0.2,0.7,0.278,0.2,0.2,0.833,1.2,0.3,0.3,0.1,0.4,1.5,2020-2021
Clint Capela,C,C,42,42,6,29.74,6.5,11.0,0.588,0.0,0.0,0.0,1.9,3.3,0.583,14.2,0.8,0.7,2.2,1.2,14.9,2020-2021
Vernon Carey Jr.,C,C,7,0,40,3.54,0.3,0.6,0.5,0.0,0.1,0.0,0.1,0.3,0.5,1.3,0.1,0.0,0.1,0.1,0.7,2020-2021
Jevon Carter,PG,G,35,0,12,9.57,1.0,2.7,0.375,0.6,1.8,0.328,0.1,0.1,1.0,1.2,1.1,0.4,0.2,0.2,2.7,2020-2021
Wendell Carter Jr.,C,C,35,25,12,24.6,4.1,7.8,0.526,0.3,0.7,0.36,2.7,3.6,0.744,7.9,2.1,0.5,0.8,1.5,11.1,2020-2021
Michael Carter-Williams,SG,G,26,20,22,26.32,3.3,8.8,0.38,0.4,1.8,0.234,1.5,2.3,0.667,4.6,4.4,0.7,0.5,2.3,8.7,2020-2021
Alex Caruso,PG,G,38,0,10,20.13,2.0,4.9,0.403,0.8,2.2,0.376,0.8,1.2,0.638,3.1,2.4,1.2,0.2,1.1,5.6,2020-2021
Willie Cauley-Stein,C,C,35,11,11,17.11,2.3,3.6,0.622,0.0,0.2,0.125,0.9,1.4,0.66,4.3,0.7,0.3,0.8,0.5,5.5,2020-2021
Chris Chiozza,PG,G,17,0,32,9.94,1.2,3.8,0.328,0.6,1.9,0.333,0.6,0.8,0.769,0.9,2.9,0.4,0.2,0.7,3.7,2020-2021
Marquese Chriss,PF,F,2,0,44,13.36,2.5,7.0,0.357,0.5,2.5,0.2,1.0,2.0,0.5,6.5,1.0,0.0,1.0,1.0,6.5,2020-2021
Gary Clark,SF,F,35,11,13,18.2,1.1,3.7,0.305,0.9,3.1,0.287,0.2,0.3,0.8,3.2,0.9,0.3,0.2,0.5,3.4,2020-2021
Brandon Clarke,PF,F,39,16,6,25.91,4.9,9.3,0.525,0.5,1.5,0.328,1.4,2.1,0.675,5.6,1.7,1.1,0.8,0.6,11.6,2020-2021
Jordan Clarkson,SG,G,47,0,0,25.61,6.3,15.0,0.419,3.0,8.7,0.349,1.7,1.8,0.952,4.1,2.1,0.9,0.1,1.7,17.3,2020-2021
Nicolas Claxton,C,C,17,0,32,18.74,3.6,5.9,0.61,0.1,0.2,0.25,1.1,2.1,0.543,4.8,0.9,0.6,1.4,0.6,8.4,2020-2021
Amir Coffey,SG,G,32,0,18,8.14,1.1,2.2,0.486,0.6,1.3,0.442,0.3,0.5,0.529,0.8,0.5,0.2,0.0,0.3,3.0,2020-2021
John Collins,PF,F,47,47,1,30.26,7.1,13.0,0.545,1.3,3.4,0.38,2.7,3.3,0.838,7.8,1.4,0.5,1.0,1.2,18.2,2020-2021
Mike Conley,PG,G,38,38,9,29.6,5.7,12.5,0.456,2.7,6.5,0.415,2.3,2.7,0.843,3.5,5.5,1.4,0.1,2.0,16.4,2020-2021
Pat Connaughton,SG,G,44,1,3,22.96,2.5,5.4,0.454,1.5,3.7,0.41,0.5,0.6,0.769,4.7,1.4,0.7,0.4,0.5,6.9,2020-2021
Quinn Cook,PG,G,23,0,20,6.84,1.3,3.0,0.426,0.5,1.1,0.423,0.3,0.3,0.875,0.7,0.8,0.2,0.0,0.3,3.3,2020-2021
Tyler Cook,SF,F,12,0,0,10.22,1.1,2.0,0.542,0.0,0.0,0.0,0.2,0.6,0.429,2.4,0.4,0.2,0.0,0.8,2.4,2020-2021
DeMarcus Cousins,C,C,25,11,4,20.25,3.2,8.4,0.376,1.6,4.6,0.336,1.8,2.4,0.746,7.6,2.4,0.8,0.7,1.6,9.6,2020-2021
Robert Covington,PF,F,45,45,2,32.33,3.1,7.5,0.413,2.1,5.4,0.39,0.7,0.9,0.821,6.8,1.7,1.7,1.3,1.1,9.0,2020-2021
Torrey Craig,SF,F,25,0,24,12.61,1.5,3.4,0.442,0.5,1.4,0.361,0.1,0.2,0.5,2.9,1.0,0.5,0.4,0.3,3.7,2020-2021
Jae Crowder,PF,F,44,29,3,27.9,3.4,8.4,0.404,2.5,6.4,0.384,1.0,1.2,0.808,4.9,2.1,0.8,0.4,0.9,10.2,2020-2021
Jarrett Culver,SG,G,25,7,23,17.05,2.4,6.0,0.403,0.4,1.7,0.209,1.0,1.7,0.595,3.8,0.7,0.6,0.3,1.0,6.2,2020-2021
Seth Curry,SG,G,37,37,11,29.14,4.6,10.1,0.46,2.1,4.9,0.429,1.6,1.7,0.921,2.2,2.8,0.9,0.2,1.4,13.0,2020-2021
Stephen Curry,PG,G,41,41,7,33.72,9.6,20.3,0.475,4.7,11.5,0.41,5.2,5.6,0.931,5.5,6.1,1.3,0.1,3.0,29.2,2020-2021
Nate Darling,SG,G,3,0,44,3.07,0.3,1.3,0.25,0.3,1.3,0.25,0.0,0.0,0.0,0.0,0.3,0.0,0.0,0.0,1.0,2020-2021
Anthony Davis,PF,F,23,23,25,32.83,8.9,16.7,0.533,0.7,2.5,0.293,4.0,5.7,0.715,8.4,3.0,1.3,1.8,2.0,22.5,2020-2021
Ed Davis,C,C,19,7,29,13.91,0.9,2.3,0.419,0.0,0.0,0.0,0.4,0.4,0.875,5.1,1.0,0.5,0.5,0.3,2.3,2020-2021
Terence Davis,SG,G,37,4,10,14.87,2.6,6.2,0.416,1.3,3.7,0.353,0.5,0.6,0.87,2.0,1.1,0.6,0.2,0.9,7.0,2020-2021
Matthew Dellavedova,PG,G,1,0,0,16.17,0.0,4.0,0.0,0.0,1.0,0.0,0.0,0.0,0.0,2.0,5.0,0.0,0.0,0.0,0.0,2020-2021
DeMar DeRozan,PF,F,39,39,7,34.13,7.3,14.8,0.494,0.5,1.6,0.295,5.8,6.6,0.88,4.4,7.2,1.0,0.3,1.8,20.9,2020-2021
Mamadi Diakite,PF,F,6,0,41,9.29,1.3,3.0,0.444,0.2,0.7,0.25,0.0,0.0,0.0,2.5,0.7,0.0,0.7,0.2,2.8,2020-2021
Hamidou Diallo,SG,G,35,5,14,23.8,4.5,9.1,0.495,0.4,1.3,0.326,2.7,4.1,0.653,5.3,2.4,0.9,0.4,1.5,12.1,2020-2021
Gorgui Dieng,C,C,23,1,21,16.39,2.4,4.7,0.519,1.0,2.1,0.479,1.7,2.0,0.867,4.3,1.3,0.7,0.6,1.0,7.6,2020-2021
Spencer Dinwiddie,SG,G,3,3,46,21.44,2.0,5.3,0.375,0.7,2.3,0.286,2.0,2.0,1.0,4.3,3.0,0.7,0.3,1.7,6.7,2020-2021
Donte DiVincenzo,SG,G,46,46,1,27.36,4.0,9.4,0.423,2.0,5.1,0.386,0.7,1.0,0.688,5.4,3.0,1.2,0.2,1.4,10.7,2020-2021
Luka Doncic,PG,G,41,41,5,35.02,10.1,20.7,0.488,3.0,8.1,0.377,5.5,7.3,0.744,8.1,8.9,1.0,0.6,4.3,28.7,2020-2021
Luguentz Dort,SG,G,41,41,6,29.34,4.3,11.2,0.386,2.0,6.0,0.327,2.0,2.6,0.764,3.4,1.6,0.9,0.4,1.4,12.6,2020-2021
Damyean Dotson,SG,G,35,6,13,18.8,2.5,6.3,0.394,0.9,3.3,0.278,0.6,0.9,0.688,2.0,2.1,0.4,0.1,0.8,6.5,2020-2021
Devon Dotson,PG,G,3,0,43,4.87,0.7,1.3,0.5,0.0,0.0,0.0,0.0,0.0,0.0,0.7,0.0,0.3,0.0,0.0,1.3,2020-2021
Sekou Doumbouya,PF,F,40,2,8,12.59,1.3,3.9,0.34,0.4,1.8,0.243,0.6,0.8,0.733,2.1,0.6,0.4,0.0,0.6,3.6,2020-2021
PJ Dozier,SG,G,33,0,15,20.16,2.6,6.2,0.419,0.9,2.5,0.357,0.9,1.4,0.63,3.7,1.6,0.5,0.5,0.8,6.9,2020-2021
Goran Dragic,PG,G,30,10,19,26.84,4.9,11.0,0.441,1.6,4.5,0.346,2.2,2.6,0.844,3.3,4.7,0.6,0.2,2.7,13.5,2020-2021
Andre Drummond,C,C,26,26,19,28.31,7.0,14.8,0.472,0.0,0.3,0.0,3.0,5.0,0.588,13.0,2.5,1.5,1.2,3.2,17.0,2020-2021
Jared Dudley,PF,F,11,0,37,6.92,0.2,0.6,0.286,0.2,0.5,0.4,0.0,0.0,0.0,1.7,0.5,0.1,0.1,0.2,0.5,2020-2021
Kevin Durant,PF,F,19,18,30,35.76,9.9,18.9,0.524,2.6,5.9,0.434,6.6,7.6,0.869,7.3,5.3,0.7,1.4,3.5,29.0,2020-2021
Anthony Edwards,SG,G,48,31,0,30.66,6.4,16.4,0.39,2.1,6.8,0.308,2.4,3.1,0.773,4.4,2.5,1.0,0.4,2.0,17.3,2020-2021
Carsen Edwards,SG,G,18,1,30,10.06,2.1,4.3,0.481,0.7,2.2,0.333,0.4,0.5,0.778,1.1,0.5,0.3,0.1,0.2,5.2,2020-2021
CJ Elleby,SF,F,15,0,32,7.86,0.9,2.3,0.412,0.3,1.4,0.238,0.4,0.6,0.667,1.1,0.2,0.3,0.2,0.2,2.6,2020-2021
Henry Ellenson,PF,F,2,0,3,19.18,2.5,7.0,0.357,1.0,4.5,0.222,1.5,2.0,0.75,6.0,2.5,0.0,0.0,0.0,7.5,2020-2021
Wayne Ellington,SG,G,35,28,13,23.09,3.6,7.9,0.453,2.7,6.3,0.428,0.7,0.9,0.774,1.9,1.4,0.4,0.2,0.7,10.6,2020-2021
Joel Embiid,C,C,31,31,17,32.58,9.5,18.0,0.525,1.2,2.9,0.422,9.8,11.4,0.859,11.5,3.3,1.2,1.4,3.2,29.9,2020-2021
James Ennis,SF,F,31,27,17,22.91,2.7,5.6,0.486,1.0,2.4,0.432,1.4,1.7,0.796,4.0,1.4,0.8,0.2,0.9,7.9,2020-2021
Drew Eubanks,C,C,29,0,17,12.97,1.8,3.4,0.51,0.0,0.0,1.0,1.1,1.6,0.711,3.5,0.8,0.2,1.0,0.8,4.7,2020-2021
Dante Exum,SG,G,6,3,44,19.36,1.7,4.3,0.385,0.3,1.8,0.182,0.2,0.3,0.5,2.8,2.2,0.7,0.3,1.2,3.8,2020-2021
Tacko Fall,C,C,12,0,36,6.83,1.3,1.8,0.727,0.0,0.0,0.0,0.2,0.9,0.273,2.5,0.2,0.0,0.8,0.2,2.9,2020-2021
Derrick Favors,C,C,45,0,2,15.68,2.4,3.8,0.628,0.0,0.0,0.0,1.1,1.5,0.731,5.5,0.8,0.5,1.0,0.6,5.9,2020-2021
Cristiano Felicio,C,C,9,0,37,4.8,0.3,0.4,0.75,0.0,0.0,0.0,0.7,1.1,0.6,1.4,0.6,0.2,0.0,0.3,1.3,2020-2021
Terrance Ferguson,SG,G,13,0,32,3.79,0.1,0.5,0.143,0.0,0.4,0.0,0.0,0.0,0.0,0.1,0.2,0.1,0.0,0.3,0.2,2020-2021
Bruno Fernando,C,C,23,0,25,7.33,0.5,1.2,0.429,0.0,0.1,0.0,0.4,0.7,0.625,2.8,0.4,0.1,0.1,0.7,1.5,2020-2021
Yogi Ferrell,PG,G,2,0,0,20.24,4.0,10.5,0.381,1.5,4.5,0.333,0.0,1.0,0.0,3.5,2.5,1.5,0.5,1.5,9.5,2020-2021
Dorian Finney-Smith,PF,F,35,35,11,31.49,3.1,7.1,0.442,1.6,4.5,0.358,0.6,0.7,0.84,5.2,1.5,0.9,0.3,0.7,8.5,2020-2021
Malachi Flynn,PG,G,23,0,25,10.34,0.9,3.2,0.274,0.3,1.7,0.175,0.2,0.3,0.625,0.9,1.3,0.3,0.0,0.3,2.3,2020-2021
Bryn Forbes,SG,G,46,6,1,19.1,3.3,7.3,0.456,2.1,4.7,0.45,0.6,0.7,0.765,1.3,0.6,0.3,0.0,0.6,9.4,2020-2021
Trent Forrest,PG,G,12,0,35,4.34,0.2,0.8,0.333,0.0,0.2,0.0,0.2,0.2,1.0,0.5,0.8,0.2,0.0,0.4,0.7,2020-2021
Evan Fournier,SF,F,28,26,20,30.35,6.2,13.8,0.449,2.6,7.0,0.374,3.5,4.4,0.79,2.9,3.4,1.1,0.4,2.0,18.5,2020-2021
De'Aaron Fox,PG,G,47,47,1,34.77,9.0,18.6,0.484,1.8,5.6,0.33,4.9,6.9,0.707,3.3,7.2,1.3,0.5,3.1,24.7,2020-2021
Tim Frazier,PG,G,3,0,2,10.83,0.7,2.7,0.25,0.0,0.7,0.0,0.0,0.0,0.0,1.3,2.3,0.3,0.0,1.0,1.3,2020-2021
Markelle Fultz,PG,G,8,8,40,26.9,5.1,13.0,0.394,0.5,2.0,0.25,2.1,2.4,0.895,3.1,5.4,1.0,0.2,2.2,12.9,2020-2021
Wenyen Gabriel,PF,F,6,0,41,3.25,0.0,0.7,0.0,0.0,0.2,0.0,0.2,0.3,0.5,1.2,0.3,0.0,0.0,0.5,0.2,2020-2021
Daniel Gafford,PF,F,33,11,14,12.47,2.1,3.0,0.7,0.0,0.0,0.0,0.9,1.4,0.674,3.5,0.5,0.4,1.2,0.8,5.2,2020-2021
Danilo Gallinari,PF,F,36,4,12,23.73,3.9,9.3,0.422,2.1,5.2,0.398,3.0,3.2,0.939,3.9,1.5,0.6,0.2,1.0,12.9,2020-2021
Langston Galloway,SG,G,34,0,13,11.1,1.7,3.6,0.471,0.9,2.1,0.451,0.5,0.5,1.0,1.0,0.7,0.2,0.0,0.3,4.8,2020-2021
Darius Garland,PG,G,39,36,9,33.22,6.3,14.4,0.439,1.7,4.4,0.392,1.9,2.3,0.835,2.4,5.8,1.1,0.1,3.1,16.3,2020-2021
Marc Gasol,C,C,39,38,9,19.47,1.5,3.8,0.403,0.8,2.4,0.347,0.8,1.1,0.786,3.9,1.9,0.5,1.2,0.9,4.8,2020-2021
Rudy Gay,PF,F,39,0,7,21.76,4.1,9.9,0.409,1.7,4.3,0.393,1.3,1.7,0.788,5.1,1.5,0.8,0.6,1.0,11.1,2020-2021
Paul George,SF,F,37,37,13,33.41,7.9,16.8,0.469,3.2,7.5,0.422,3.4,3.8,0.88,6.3,5.5,1.1,0.5,3.1,22.3,2020-2021
Taj Gibson,PF,F,21,1,19,19.44,1.9,3.2,0.574,0.1,0.6,0.231,0.9,1.4,0.6,5.0,0.7,0.5,0.8,0.6,4.7,2020-2021
Harry Giles,C,C,24,0,23,11.4,1.1,2.7,0.415,0.1,0.4,0.333,0.5,0.8,0.722,4.7,0.9,0.2,0.4,0.7,2.9,2020-2021
Shai Gilgeous-Alexander,SG,G,35,35,12,33.7,8.2,16.1,0.508,2.0,4.9,0.418,5.3,6.5,0.808,4.7,5.9,0.8,0.7,3.0,23.7,2020-2021
Anthony Gill,PF,F,13,1,34,5.54,0.3,0.9,0.333,0.1,0.6,0.125,0.2,0.3,0.75,1.5,0.3,0.2,0.2,0.2,0.9,2020-2021
Rudy Gobert,C,C,47,47,0,30.86,5.5,8.5,0.648,0.0,0.1,0.0,3.6,5.9,0.607,13.3,1.3,0.5,2.9,1.6,14.6,2020-2021
Brandon Goodwin,PG,G,31,0,17,10.55,1.4,3.9,0.361,0.6,1.9,0.305,0.5,0.8,0.708,1.0,1.5,0.4,0.0,0.5,4.0,2020-2021
Aaron Gordon,PF,F,28,28,20,29.27,5.1,11.4,0.448,1.6,4.3,0.367,2.4,3.9,0.615,6.4,4.0,0.8,0.8,2.5,14.2,2020-2021
Eric Gordon,SG,G,27,13,20,29.21,5.9,13.6,0.433,2.6,7.8,0.329,3.5,4.2,0.825,2.1,2.6,0.5,0.5,1.9,17.8,2020-2021
Devonte' Graham,PG,G,37,31,10,29.96,4.4,11.6,0.376,3.0,8.0,0.378,2.2,2.7,0.828,2.7,5.0,0.9,0.1,1.5,13.9,2020-2021
Jerami Grant,SF,F,45,45,3,34.8,7.4,17.5,0.425,2.2,6.4,0.353,5.4,6.4,0.857,4.8,2.8,0.7,1.1,2.0,22.5,2020-2021
Danny Green,SF,F,48,48,0,28.52,3.4,8.1,0.414,2.6,6.4,0.407,0.4,0.6,0.724,3.6,1.7,1.4,0.9,1.1,9.7,2020-2021
Draymond Green,PF,F,41,41,7,30.17,2.4,5.8,0.41,0.5,2.0,0.268,1.0,1.3,0.778,6.5,8.4,1.5,0.8,2.8,6.3,2020-2021
JaMychal Green,PF,F,36,4,12,18.72,3.1,6.7,0.458,1.4,3.6,0.406,0.9,1.1,0.846,5.2,0.9,0.5,0.3,1.0,8.5,2020-2021
Javonte Green,SG,G,27,2,20,13.64,1.5,2.8,0.526,0.3,0.9,0.304,0.7,1.1,0.667,2.1,0.4,0.7,0.1,0.6,4.0,2020-2021
Jeff Green,C,C,45,23,4,26.72,3.5,7.1,0.491,1.4,3.4,0.414,1.4,1.8,0.759,3.8,1.4,0.6,0.4,0.8,9.8,2020-2021
Josh Green,SG,G,24,5,22,10.65,1.0,2.2,0.453,0.1,0.6,0.133,0.3,0.5,0.538,1.8,0.5,0.2,0.1,0.6,2.4,2020-2021
Blake Griffin,PF,F,25,20,23,28.85,3.8,9.8,0.392,1.8,5.3,0.331,2.1,3.0,0.703,5.0,3.5,0.8,0.2,1.4,11.5,2020-2021
Kyle Guy,PG,G,20,0,28,7.32,1.0,2.8,0.382,0.5,1.6,0.323,0.5,0.6,0.833,1.0,1.0,0.2,0.0,0.2,3.1,2020-2021
Rui Hachimura,PF,F,40,40,7,31.73,5.4,11.4,0.479,0.9,2.6,0.337,2.4,3.2,0.772,5.8,1.6,0.8,0.1,1.2,14.2,2020-2021
Ashton Hagans,PG,G,2,0,24,2.03,0.0,0.0,0.0,0.0,0.0,0.0,0.0,0.0,0.0,0.0,0.0,0.0,0.0,0.5,0.0,2020-2021
Tyrese Haliburton,PG,G,42,11,6,30.16,5.1,10.5,0.486,2.2,5.3,0.423,0.8,0.9,0.872,3.3,5.0,1.3,0.5,1.5,13.3,2020-2021
Josh Hall,SF,F,10,0,37,11.43,0.8,3.3,0.242,0.2,1.5,0.133,1.3,2.5,0.52,2.0,1.3,0.0,0.0,1.1,3.1,2020-2021
R.J. Hampton,PG,G,28,0,20,10.05,1.2,2.8,0.43,0.2,0.8,0.273,0.5,0.6,0.765,2.1,0.6,0.2,0.1,0.5,3.1,2020-2021
Tim Hardaway Jr.,SG,G,45,19,1,29.17,5.9,13.1,0.45,3.0,7.6,0.393,1.9,2.4,0.785,3.4,1.8,0.5,0.1,0.9,16.6,2020-2021
James Harden,PG,G,41,41,4,37.89,8.1,17.6,0.463,2.9,8.0,0.359,6.7,7.7,0.87,8.2,11.1,1.2,0.7,4.2,25.9,2020-2021
Maurice Harkless,SF,F,14,3,35,11.5,0.7,1.6,0.435,0.6,1.2,0.471,0.1,0.3,0.5,1.1,0.8,0.2,0.3,0.4,2.1,2020-2021
Jared Harper,PG,G,3,0,45,2.38,0.0,0.3,0.0,0.0,0.0,0.0,0.7,0.7,1.0,0.0,0.0,0.0,0.0,0.7,0.7,2020-2021
Montrezl Harrell,C,C,48,1,0,25.32,6.2,9.8,0.635,0.0,0.2,0.0,2.8,4.0,0.708,6.8,1.1,0.7,0.8,1.2,15.2,2020-2021
Gary Harris,SG,G,19,19,29,30.6,3.6,8.2,0.442,1.3,3.9,0.32,1.2,1.6,0.733,2.5,1.7,0.9,0.2,0.7,9.7,2020-2021
Jalen Harris,SG,G,4,0,44,3.53,0.2,1.0,0.25,0.2,0.5,0.5,0.0,0.0,0.0,0.8,0.5,0.2,0.0,0.2,0.8,2020-2021
Joe Harris,SF,F,49,45,0,30.87,5.2,10.2,0.508,3.3,6.8,0.485,0.7,0.9,0.727,3.5,1.8,0.6,0.2,0.8,14.3,2020-2021
Tobias Harris,PF,F,43,43,5,33.53,8.0,15.4,0.517,1.5,3.6,0.404,3.1,3.5,0.899,7.3,3.6,0.9,0.8,1.9,20.5,2020-2021
Shaquille Harrison,SG,G,17,0,14,3.28,0.4,1.2,0.3,0.0,0.1,0.0,0.3,0.4,0.833,0.5,0.5,0.1,0.0,0.3,1.0,2020-2021
Josh Hart,SF,F,47,4,0,28.71,3.2,7.3,0.439,1.3,4.1,0.326,1.5,1.9,0.775,8.0,2.3,0.8,0.3,1.1,9.2,2020-2021
Isaiah Hartenstein,C,C,32,1,16,9.94,1.5,3.0,0.495,0.1,0.1,0.5,0.7,1.3,0.561,3.3,0.7,0.3,0.7,0.7,3.8,2020-2021
Jaxson Hayes,C,C,35,1,12,13.46,2.2,3.0,0.717,0.0,0.0,0.0,1.2,1.5,0.774,3.4,0.6,0.3,0.5,0.7,5.5,2020-2021
Killian Hayes,PG,G,7,7,41,21.12,1.9,6.7,0.277,0.7,2.9,0.25,0.1,0.3,0.5,1.1,3.6,0.3,0.0,2.4,4.6,2020-2021
Gordon Hayward,SF,F,43,43,4,34.35,7.1,15.1,0.472,2.0,4.7,0.414,3.5,4.2,0.849,5.8,4.1,1.2,0.3,2.1,19.8,2020-2021
Juan Hernangomez,PF,F,29,6,19,16.89,2.4,5.5,0.434,1.0,3.0,0.326,1.0,1.5,0.659,4.3,0.6,0.4,0.1,0.5,6.7,2020-2021
Willy Hernangomez,C,C,25,2,22,15.84,2.6,5.0,0.52,0.0,0.3,0.143,1.0,1.7,0.595,6.2,1.2,0.3,0.4,0.4,6.2,2020-2021
Tyler Herro,SG,G,38,14,11,32.04,5.8,13.8,0.42,1.9,5.8,0.327,2.1,2.6,0.827,5.2,3.5,0.7,0.4,2.1,15.7,2020-2021
Buddy Hield,SG,G,48,48,0,34.82,5.7,14.3,0.396,4.0,10.4,0.384,1.3,1.5,0.851,4.5,3.2,0.8,0.4,1.7,16.6,2020-2021
George Hill,PG,G,14,14,34,26.33,4.4,8.6,0.508,1.6,4.1,0.386,1.5,1.8,0.84,2.1,3.1,0.9,0.1,0.9,11.8,2020-2021
Solomon Hill,PF,F,47,2,1,19.04,1.4,3.9,0.368,1.0,3.0,0.336,0.4,0.5,0.783,2.3,0.8,0.7,0.2,0.6,4.3,2020-2021
Nate Hinton,SG,G,10,0,36,3.93,0.7,1.9,0.368,0.1,0.6,0.167,0.4,0.6,0.667,0.3,0.4,0.4,0.1,0.4,1.9,2020-2021
Aaron Holiday,PG,G,44,6,2,17.3,2.5,6.6,0.371,0.9,2.8,0.325,0.8,1.0,0.756,1.2,1.7,0.6,0.1,0.8,6.6,2020-2021
Jrue Holiday,PG,G,36,33,11,31.47,6.5,13.0,0.5,1.8,4.8,0.386,1.6,2.0,0.817,4.5,5.2,1.8,0.5,1.9,16.4,2020-2021
Justin Holiday,SG,G,46,37,0,31.85,3.8,9.1,0.423,2.6,6.6,0.388,1.1,1.3,0.79,3.7,1.7,1.3,0.3,0.8,11.3,2020-2021
Richaun Holmes,C,C,44,44,4,30.41,6.1,9.4,0.649,0.0,0.2,0.25,2.1,2.6,0.81,9.1,1.7,0.7,1.7,1.2,14.4,2020-2021
Rodney Hood,SF,F,42,5,6,18.99,1.9,5.2,0.369,0.7,2.2,0.298,0.3,0.4,0.824,1.8,1.1,0.5,0.1,0.8,4.8,2020-2021
Al Horford,C,C,28,28,19,27.92,5.8,12.9,0.45,2.0,5.4,0.368,0.6,0.8,0.818,6.7,3.4,0.9,0.9,1.0,14.2,2020-2021
Talen Horton-Tucker,SG,G,44,1,4,18.65,3.1,6.9,0.443,0.5,1.9,0.241,1.3,1.5,0.824,2.6,2.3,0.8,0.5,1.5,7.9,2020-2021
Danuel House,SF,F,29,19,18,27.9,3.3,8.1,0.411,1.7,4.6,0.366,1.3,2.0,0.667,4.1,2.0,0.7,0.5,1.0,9.7,2020-2021
Dwight Howard,C,C,48,5,0,17.33,2.6,4.5,0.579,0.1,0.3,0.286,1.7,3.0,0.562,8.2,0.8,0.4,0.9,1.8,7.0,2020-2021
Markus Howard,SG,G,22,0,26,3.44,0.4,1.9,0.22,0.2,1.3,0.172,0.0,0.1,0.5,0.3,0.4,0.1,0.0,0.3,1.1,2020-2021
Kevin Huerter,SG,G,48,33,0,30.79,4.2,10.3,0.411,2.1,5.7,0.363,0.8,1.0,0.826,3.4,3.5,1.2,0.2,1.2,11.4,2020-2021
Elijah Hughes,SF,F,10,0,37,3.82,0.7,1.8,0.389,0.5,1.3,0.385,0.3,0.4,0.75,0.6,0.4,0.1,0.1,0.5,2.2,2020-2021
De'Andre Hunter,SF,F,20,18,28,31.25,5.6,11.2,0.502,1.6,4.4,0.356,3.2,3.8,0.867,5.1,2.1,0.9,0.5,1.4,16.0,2020-2021
Chandler Hutchison,SF,F,10,0,37,13.02,1.6,4.0,0.4,0.3,1.0,0.3,0.6,0.7,0.857,3.4,0.7,0.2,0.0,1.0,4.1,2020-2021
Serge Ibaka,C,C,39,39,11,23.56,4.5,8.9,0.507,1.0,2.8,0.352,0.9,1.2,0.822,6.7,1.7,0.2,1.2,1.1,10.9,2020-2021
Andre Iguodala,SF,F,45,2,4,21.33,1.6,4.1,0.38,1.0,3.1,0.333,0.5,0.7,0.636,3.9,2.1,1.0,0.5,1.0,4.6,2020-2021
Ersan Ilyasova,PF,F,4,0,2,4.28,0.2,1.2,0.2,0.0,1.0,0.0,0.0,0.0,0.0,0.5,0.2,0.0,0.0,0.2,0.5,2020-2021
Joe Ingles,SF,F,43,12,4,26.72,4.1,7.7,0.53,2.7,5.5,0.487,1.1,1.3,0.873,3.7,4.3,0.7,0.2,1.5,11.9,2020-2021
Brandon Ingram,SF,F,46,46,1,34.42,8.5,17.9,0.475,2.4,6.2,0.386,4.5,5.1,0.876,4.9,4.7,0.6,0.7,2.4,23.8,2020-2021
Kyrie Irving,PG,G,34,34,15,35.59,10.7,20.8,0.516,2.8,7.0,0.397,3.6,4.0,0.896,5.1,5.9,1.2,0.6,2.4,27.8,2020-2021
Wesley Iwundu,SF,F,25,3,21,12.49,0.8,2.4,0.317,0.1,1.0,0.12,0.6,0.7,0.882,2.0,0.4,0.4,0.1,0.4,2.2,2020-2021
Frank Jackson,PG,G,19,4,27,13.77,2.2,5.1,0.427,1.2,2.7,0.431,1.0,1.2,0.826,1.7,0.8,0.3,0.0,0.9,6.5,2020-2021
Josh Jackson,SG,G,43,8,5,24.54,4.7,11.2,0.422,1.2,4.1,0.284,2.4,3.3,0.718,4.0,2.1,0.9,0.8,2.1,13.0,2020-2021
Justin Jackson,SF,F,31,3,16,16.62,2.6,6.3,0.413,1.0,3.3,0.307,0.9,1.1,0.848,2.2,1.6,0.5,0.1,1.0,7.1,2020-2021
Reggie Jackson,SG,G,47,27,3,21.46,3.5,7.8,0.451,1.5,3.7,0.411,0.9,1.1,0.778,2.6,3.0,0.6,0.1,1.1,9.5,2020-2021
Justin James,SF,F,24,0,24,6.14,0.8,1.7,0.439,0.2,0.7,0.313,0.2,0.5,0.417,0.5,0.5,0.1,0.0,0.2,1.9,2020-2021
LeBron James,PG,G,41,41,7,33.86,9.5,18.4,0.513,2.4,6.5,0.368,4.1,5.8,0.703,7.9,7.9,1.0,0.6,3.7,25.4,2020-2021
DaQuan Jeffries,SG,G,17,2,31,13.45,1.4,3.4,0.421,0.5,1.6,0.321,0.4,0.4,0.857,1.6,0.3,0.4,0.2,0.4,3.7,2020-2021
Ty Jerome,SG,G,14,1,33,26.09,3.6,7.9,0.459,2.2,4.9,0.449,0.4,0.6,0.556,3.1,3.5,0.9,0.1,1.0,9.9,2020-2021
Isaiah Joe,SG,G,25,1,23,10.49,1.2,3.5,0.352,1.0,2.7,0.353,0.2,0.2,1.0,1.0,0.6,0.3,0.2,0.2,3.6,2020-2021
Alize Johnson,PF,F,2,0,4,18.49,6.0,8.0,0.75,0.0,0.5,0.0,0.5,0.5,1.0,10.0,1.5,1.0,0.0,0.5,12.5,2020-2021
Cameron Johnson,PF,F,41,9,6,23.23,3.4,7.8,0.434,2.0,5.4,0.376,0.8,0.9,0.865,3.2,1.4,0.6,0.3,0.7,9.6,2020-2021
James Johnson,PF,F,30,2,16,17.74,2.4,5.2,0.462,0.6,2.2,0.277,0.7,1.1,0.636,3.0,1.7,0.8,0.8,0.9,6.1,2020-2021
Keldon Johnson,SF,F,43,41,3,28.81,5.0,10.6,0.468,0.9,2.7,0.325,2.3,2.9,0.77,6.3,1.9,0.6,0.5,1.1,13.0,2020-2021
Stanley Johnson,PF,F,42,6,6,14.2,1.1,2.6,0.405,0.6,1.7,0.371,0.3,0.4,0.778,2.2,1.1,0.7,0.3,0.7,3.1,2020-2021
Tyler Johnson,SG,G,30,2,19,16.94,1.8,4.7,0.393,1.3,3.4,0.376,0.5,0.6,0.842,1.9,0.9,0.4,0.0,0.4,5.5,2020-2021
Nikola Jokic,C,C,48,48,0,35.64,10.5,18.5,0.567,1.5,3.5,0.429,4.1,4.7,0.867,11.0,8.4,1.5,0.6,3.1,26.5,2020-2021
Damian Jones,C,C,22,6,17,9.33,1.1,1.5,0.727,0.0,0.0,0.0,0.8,1.0,0.739,2.0,0.2,0.1,0.5,0.5,3.0,2020-2021
Derrick Jones Jr.,SF,F,43,40,4,26.02,3.0,6.1,0.49,0.9,2.7,0.333,1.1,1.7,0.653,4.3,0.9,0.8,1.1,0.6,8.0,2020-2021
Mason Jones,SG,G,26,1,17,11.82,1.8,4.4,0.412,0.9,2.5,0.359,1.3,2.2,0.614,2.0,1.5,0.2,0.0,1.1,5.8,2020-2021
Tre Jones,PG,G,22,0,24,4.23,0.7,1.5,0.485,0.0,0.0,1.0,0.2,0.2,1.0,0.4,0.5,0.1,0.0,0.3,1.7,2020-2021
Tyus Jones,PG,G,45,8,0,19.64,2.9,6.7,0.43,0.6,2.2,0.283,0.5,0.6,0.889,2.3,4.1,1.1,0.1,0.8,6.9,2020-2021
DeAndre Jordan,C,C,46,36,3,22.22,3.4,4.4,0.768,0.0,0.0,0.0,0.7,1.4,0.492,7.2,1.6,0.3,1.2,1.5,7.5,2020-2021
Cory Joseph,PG,G,49,2,1,21.8,2.6,5.9,0.448,0.7,2.1,0.327,1.1,1.3,0.815,2.4,2.8,1.0,0.2,1.1,7.0,2020-2021
Mfiondu Kabengele,PF,F,23,0,22,4.08,0.4,1.4,0.281,0.2,0.8,0.222,0.2,0.3,0.833,0.6,0.2,0.1,0.1,0.3,1.2,2020-2021
Frank Kaminsky,C,C,32,13,15,15.08,2.6,5.4,0.471,0.8,2.0,0.406,0.6,1.0,0.606,3.7,1.6,0.3,0.4,0.5,6.6,2020-2021
Enes Kanter,C,C,47,32,0,26.65,5.1,8.4,0.609,0.0,0.0,0.0,1.9,2.5,0.784,11.6,1.2,0.5,0.7,1.2,12.2,2020-2021
Luke Kennard,SG,G,44,9,6,19.66,3.1,6.4,0.482,1.6,3.5,0.471,0.4,0.4,0.842,2.7,1.7,0.3,0.2,0.7,8.1,2020-2021
Maxi Kleber,PF,F,34,28,12,27.69,2.4,5.6,0.435,1.9,4.3,0.434,0.9,1.0,0.914,5.5,1.4,0.5,0.8,0.6,7.7,2020-2021
Nathan Knight,PF,F,19,0,29,7.39,1.1,2.5,0.438,0.3,0.8,0.312,1.3,1.6,0.833,1.9,0.2,0.2,0.3,0.5,3.8,2020-2021
Kevin Knox,SF,F,32,0,16,13.37,1.6,4.1,0.392,1.0,2.5,0.388,0.4,0.5,0.812,1.7,0.5,0.3,0.2,0.5,4.6,2020-2021
John Konchar,SG,G,22,0,23,14.83,1.4,3.2,0.437,0.4,1.1,0.36,0.8,0.9,0.85,3.3,1.1,0.9,0.2,0.4,4.0,2020-2021
Furkan Korkmaz,SG,G,37,5,11,19.28,2.9,7.5,0.392,1.6,4.5,0.357,1.2,1.6,0.754,2.1,1.1,0.8,0.2,0.9,8.8,2020-2021
Luke Kornet,PF,F,16,0,31,8.52,1.1,2.7,0.419,0.6,2.0,0.312,0.1,0.3,0.4,1.6,0.4,0.1,0.6,0.2,3.0,2020-2021
Rodions Kurucs,SF,F,16,0,34,5.68,0.4,1.5,0.25,0.2,1.1,0.176,0.1,0.1,0.5,0.9,0.4,0.4,0.2,0.6,1.0,2020-2021
Kyle Kuzma,SF,F,47,17,1,27.58,4.9,11.1,0.438,2.0,5.5,0.358,0.8,1.2,0.643,6.9,1.7,0.5,0.5,1.7,12.4,2020-2021
Anthony Lamb,SF,F,8,0,5,14.35,0.9,4.1,0.212,0.4,2.4,0.158,0.4,0.5,0.75,3.4,0.2,0.1,0.1,0.4,2.5,2020-2021
Jeremy Lamb,SG,G,28,8,18,21.49,3.4,7.7,0.444,1.5,3.6,0.416,2.1,2.2,0.951,3.5,1.6,0.8,0.5,0.6,10.4,2020-2021
Zach LaVine,SG,G,45,45,1,35.05,9.8,19.2,0.513,3.4,8.0,0.428,4.4,5.1,0.866,5.0,4.8,0.9,0.4,3.8,27.5,2020-2021
Jake Layman,SF,F,34,10,14,15.71,2.2,4.5,0.49,0.6,1.9,0.292,0.7,0.9,0.767,1.8,0.8,0.7,0.5,0.7,5.6,2020-2021
Jalen Lecque,PG,G,4,0,39,3.03,0.2,2.2,0.111,0.0,0.2,0.0,0.8,0.8,1.0,1.2,0.5,0.0,0.0,0.0,1.2,2020-2021
Damion Lee,SG,G,47,1,1,18.85,2.2,4.8,0.456,1.4,3.5,0.392,0.7,0.8,0.895,3.1,1.4,0.6,0.1,0.4,6.5,2020-2021
Saben Lee,PG,G,27,4,21,15.77,2.1,4.4,0.483,0.2,0.4,0.5,1.6,2.4,0.656,1.9,3.0,0.6,0.3,0.9,6.1,2020-2021
Alex Len,C,C,39,17,10,15.26,2.7,4.2,0.642,0.2,0.5,0.286,1.1,1.9,0.589,3.6,0.9,0.3,1.1,0.8,6.6,2020-2021
Kawhi Leonard,SF,F,41,41,9,34.59,9.4,18.3,0.513,1.9,5.0,0.387,5.1,5.9,0.876,6.4,4.9,1.8,0.5,1.9,25.9,2020-2021
Meyers Leonard,C,C,3,2,42,9.79,1.0,2.3,0.429,1.0,2.3,0.429,0.3,0.7,0.5,2.3,0.7,0.0,0.0,0.7,3.3,2020-2021
Caris LeVert,SG,G,22,14,26,29.79,6.5,15.7,0.41,1.8,5.5,0.325,2.2,2.8,0.787,4.2,5.1,1.4,0.3,1.9,16.9,2020-2021
Kira Lewis Jr.,PG,G,32,0,15,15.4,2.4,5.9,0.411,0.8,2.1,0.358,0.6,0.8,0.741,1.2,2.3,0.7,0.2,0.5,6.2,2020-2021
Damian Lillard,PG,G,45,45,2,36.16,9.2,20.5,0.447,4.2,11.0,0.379,7.3,7.8,0.943,4.3,7.8,0.9,0.2,3.2,29.8,2020-2021
Nassir Little,PF,F,29,2,18,13.94,1.7,3.7,0.449,0.8,2.0,0.379,1.0,1.2,0.857,2.6,0.4,0.1,0.4,0.4,5.1,2020-2021
Kevon Looney,C,C,37,15,11,15.5,1.6,2.8,0.588,0.1,0.3,0.4,0.5,0.7,0.741,4.1,1.8,0.4,0.4,0.6,3.9,2020-2021
Brook Lopez,C,C,47,47,0,27.15,4.1,8.7,0.469,1.4,4.3,0.332,1.5,1.8,0.837,5.1,0.8,0.6,1.4,1.0,11.1,2020-2021
Robin Lopez,C,C,47,9,0,20.18,3.4,5.7,0.601,0.1,0.4,0.294,1.5,2.1,0.704,4.2,0.9,0.3,0.7,1.0,8.4,2020-2021
Kevin Love,PF,F,5,5,43,15.65,2.2,6.4,0.344,1.4,3.6,0.389,1.4,1.8,0.778,3.4,1.6,0.2,0.0,1.2,7.2,2020-2021
Kyle Lowry,PG,G,39,39,9,34.56,5.6,12.9,0.436,2.7,6.9,0.394,3.0,3.4,0.881,5.4,7.3,1.0,0.3,2.8,17.0,2020-2021
Timothe Luwawu-Cabarrot,SF,F,42,7,7,19.09,2.3,6.3,0.368,1.4,4.2,0.333,0.6,0.8,0.781,2.4,1.3,0.7,0.1,0.8,6.7,2020-2021
Trey Lyles,PF,F,23,9,23,15.56,1.9,3.9,0.478,0.6,1.7,0.35,0.7,1.0,0.652,3.7,0.6,0.3,0.0,0.3,5.0,2020-2021
Will Magnay,C,C,1,0,5,3.27,0.0,1.0,0.0,0.0,1.0,0.0,0.0,0.0,0.0,0.0,0.0,0.0,0.0,1.0,0.0,2020-2021
Thon Maker,C,C,8,0,4,9.56,1.2,2.2,0.556,0.0,0.2,0.0,1.2,1.4,0.909,2.2,0.5,0.2,0.5,0.4,3.8,2020-2021
Theo Maledon,PG,G,41,25,6,27.11,3.1,8.2,0.374,1.7,4.5,0.366,0.9,1.2,0.76,3.4,3.4,1.0,0.1,2.0,8.7,2020-2021
Karim Mane,PG,G,9,0,39,9.38,0.2,1.3,0.167,0.1,0.2,0.5,0.4,0.4,1.0,1.6,0.4,0.0,0.2,0.3,1.0,2020-2021
Terance Mann,SG,G,47,4,3,18.02,2.4,4.9,0.5,0.4,1.1,0.396,1.1,1.4,0.773,3.9,1.5,0.4,0.2,0.6,6.4,2020-2021
Nico Mannion,PG,G,18,1,30,13.59,1.6,4.5,0.346,1.0,2.5,0.4,0.9,1.1,0.8,1.7,2.6,0.7,0.0,1.1,5.0,2020-2021
Boban Marjanovic,C,C,22,2,24,8.42,2.0,4.1,0.489,0.0,0.2,0.0,0.6,0.8,0.722,4.0,0.3,0.0,0.1,0.4,4.6,2020-2021
Lauri Markkanen,PF,F,26,25,20,29.73,6.2,12.9,0.478,2.7,7.0,0.385,2.2,2.6,0.836,6.0,1.0,0.5,0.4,1.3,17.2,2020-2021
Naji Marshall,SF,F,7,0,40,3.3,0.1,0.9,0.167,0.0,0.3,0.0,0.1,0.3,0.5,0.3,0.3,0.0,0.1,0.1,0.4,2020-2021
Caleb Martin,SF,F,33,1,14,13.87,1.8,4.7,0.396,0.6,2.1,0.309,0.7,1.1,0.595,2.4,1.0,0.8,0.2,0.6,5.0,2020-2021
Cody Martin,SF,F,35,2,12,14.05,1.6,3.4,0.466,0.3,1.1,0.27,0.5,0.7,0.667,2.6,1.5,0.6,0.2,0.6,3.9,2020-2021
Kelan Martin,SF,F,14,0,32,3.86,0.5,1.5,0.333,0.1,0.6,0.222,0.1,0.1,1.0,0.9,0.1,0.2,0.1,0.3,1.3,2020-2021
Kenyon Martin Jr.,SF,F,20,0,27,18.93,2.6,5.1,0.52,0.4,1.1,0.364,1.1,1.4,0.759,4.6,0.6,0.6,0.9,1.0,6.8,2020-2021
Frank Mason III,PG,G,4,1,2,19.82,2.2,6.0,0.375,0.5,1.2,0.4,1.2,1.8,0.714,3.0,3.0,0.0,0.0,1.2,6.2,2020-2021
Garrison Mathews,SG,G,41,21,6,18.4,1.9,4.3,0.432,1.4,3.5,0.415,1.5,1.7,0.882,1.6,0.5,0.6,0.1,0.1,6.6,2020-2021
Dakota Mathias,SG,G,8,2,6,15.43,2.4,6.0,0.396,1.0,3.2,0.308,0.2,0.8,0.333,0.9,1.6,0.1,0.4,0.1,6.0,2020-2021
Wesley Matthews,SG,G,41,5,7,20.25,1.5,4.2,0.36,1.1,3.3,0.346,0.4,0.5,0.857,1.6,1.0,0.6,0.3,0.4,4.6,2020-2021
Tyrese Maxey,SG,G,42,6,6,14.87,3.1,6.8,0.453,0.5,1.6,0.288,0.7,0.8,0.857,1.7,1.6,0.4,0.2,0.6,7.4,2020-2021
Skylar Mays,SG,G,21,0,27,7.93,1.1,2.8,0.39,0.5,1.3,0.37,0.8,1.0,0.85,1.0,1.0,0.3,0.0,0.3,3.5,2020-2021
Patrick McCaw,SF,F,5,0,43,6.68,0.2,0.2,1.0,0.0,0.0,0.0,0.6,0.6,1.0,0.6,0.8,0.4,0.0,0.0,1.0,2020-2021
CJ McCollum,SG,G,22,22,25,32.96,8.6,19.5,0.443,4.2,10.3,0.407,2.8,3.1,0.884,3.8,4.7,1.0,0.5,1.3,24.2,2020-2021
T.J. McConnell,PG,G,43,2,3,25.19,3.4,6.3,0.541,0.2,0.5,0.304,0.4,0.7,0.571,3.6,6.5,1.8,0.3,1.8,7.3,2020-2021
Jaden McDaniels,PF,F,41,7,7,21.6,2.5,5.6,0.442,1.1,3.0,0.377,0.3,0.7,0.5,3.5,1.1,0.5,1.0,0.7,6.4,2020-2021
Jalen McDaniels,SF,F,22,1,25,10.86,1.5,3.5,0.442,0.4,1.3,0.276,0.7,1.0,0.714,2.1,0.5,0.1,0.2,0.8,4.1,2020-2021
Doug McDermott,PF,F,44,16,2,24.97,5.2,10.0,0.52,1.8,4.5,0.389,1.2,1.5,0.831,3.8,1.4,0.3,0.1,0.9,13.4,2020-2021
Sean McDermott,SF,F,11,0,34,12.95,1.1,2.5,0.429,0.5,1.6,0.278,0.7,0.7,1.0,1.5,0.4,0.2,0.2,0.4,3.4,2020-2021
JaVale McGee,C,C,33,1,15,15.24,3.4,6.5,0.521,0.2,0.6,0.25,1.1,1.7,0.655,5.2,1.0,0.5,1.2,1.4,8.0,2020-2021
Rodney McGruder,SG,G,16,2,32,12.1,2.3,4.4,0.529,0.7,1.5,0.458,0.4,0.5,0.75,1.4,1.0,0.5,0.1,0.4,5.7,2020-2021
Alfonzo McKinnie,SF,F,26,0,22,5.02,0.9,1.8,0.522,0.3,0.8,0.381,0.3,0.4,0.636,1.1,0.1,0.1,0.0,0.1,2.4,2020-2021
Jordan McLaughlin,PG,G,28,0,20,19.48,2.0,5.5,0.361,0.6,1.8,0.333,0.3,0.4,0.75,2.2,4.5,1.1,0.2,1.1,4.9,2020-2021
Ben McLemore,SG,G,31,4,16,17.18,2.5,7.1,0.355,1.7,5.2,0.327,0.7,1.0,0.719,2.1,0.9,0.6,0.1,0.9,7.5,2020-2021
Nicolo Melli,PF,F,24,0,23,10.76,0.8,2.8,0.288,0.3,1.6,0.205,0.2,0.3,0.857,2.5,1.1,0.4,0.0,0.3,2.2,2020-2021
De'Anthony Melton,PG,G,33,1,12,19.91,3.7,7.7,0.475,1.7,3.8,0.433,0.8,1.1,0.771,3.2,2.6,1.2,0.5,1.3,9.8,2020-2021
Sam Merrill,SG,G,21,1,26,7.12,1.0,2.0,0.465,0.6,1.3,0.464,0.1,0.1,1.0,1.0,0.8,0.2,0.0,0.4,2.6,2020-2021
Chimezie Metu,C,C,16,0,31,8.61,1.8,3.1,0.571,0.2,0.4,0.429,0.4,0.6,0.7,2.3,0.7,0.2,0.6,0.6,4.1,2020-2021
Khris Middleton,SF,F,46,46,1,33.49,7.6,15.4,0.491,2.2,5.1,0.436,3.0,3.4,0.878,6.0,5.4,1.1,0.2,2.7,20.3,2020-2021
Darius Miller,SF,F,15,0,32,10.9,1.2,2.5,0.486,0.9,2.1,0.438,0.6,0.6,1.0,1.4,1.1,0.6,0.3,0.4,3.9,2020-2021
Patty Mills,PG,G,45,0,1,25.89,4.3,10.1,0.43,2.7,6.9,0.389,1.2,1.3,0.915,1.7,2.6,0.7,0.0,1.0,12.6,2020-2021
Paul Millsap,PF,F,38,34,10,23.07,3.6,7.0,0.509,1.1,2.7,0.385,1.4,1.9,0.703,4.9,1.8,0.9,0.7,0.9,9.6,2020-2021
Shake Milton,SG,G,40,2,8,24.61,5.1,11.2,0.457,1.1,3.3,0.328,2.8,3.2,0.859,2.4,3.1,0.6,0.3,1.8,14.1,2020-2021
Donovan Mitchell,SG,G,44,44,3,33.6,8.8,20.0,0.439,3.4,8.6,0.399,4.7,5.6,0.841,4.5,5.5,1.0,0.3,3.0,25.7,2020-2021
Adam Mokoka,SG,G,9,0,37,5.19,0.7,1.7,0.4,0.1,0.9,0.125,0.0,0.0,0.0,0.4,0.4,0.2,0.1,0.2,1.4,2020-2021
Malik Monk,SG,G,32,0,15,21.7,4.6,10.1,0.46,2.2,5.2,0.424,1.7,2.0,0.815,2.7,1.9,0.5,0.1,1.5,13.1,2020-2021
E'Twaun Moore,SG,G,24,1,23,14.51,1.8,4.2,0.422,0.3,1.2,0.276,0.3,0.4,0.8,1.8,1.5,0.6,0.2,0.8,4.2,2020-2021
Ja Morant,PG,G,37,37,8,31.69,7.0,15.8,0.443,0.9,3.6,0.242,4.6,6.1,0.764,3.4,7.5,0.9,0.2,2.9,19.5,2020-2021
Juwan Morgan,PF,F,19,0,28,4.42,0.4,0.9,0.412,0.2,0.6,0.273,0.1,0.3,0.2,0.8,0.2,0.2,0.0,0.1,0.9,2020-2021
Marcus Morris,PF,F,38,10,12,25.4,4.4,10.0,0.446,2.4,5.2,0.462,1.2,1.4,0.855,3.8,1.1,0.5,0.3,0.8,12.6,2020-2021
Markieff Morris,PF,F,42,18,6,18.93,2.4,5.5,0.425,1.1,3.3,0.35,0.7,1.0,0.725,4.5,1.0,0.3,0.3,0.8,6.5,2020-2021
Monte Morris,PG,G,36,10,12,27.23,4.0,8.5,0.471,1.1,3.2,0.351,1.3,1.8,0.762,2.2,3.4,0.7,0.3,0.7,10.4,2020-2021
Mychal Mulder,PG,G,40,2,8,9.85,1.2,2.9,0.419,1.0,2.5,0.396,0.2,0.4,0.588,0.8,0.4,0.2,0.2,0.2,3.7,2020-2021
Dejounte Murray,PG,G,45,45,1,31.69,6.5,14.3,0.456,0.9,3.0,0.308,1.7,2.1,0.806,7.0,5.2,1.5,0.1,1.7,15.6,2020-2021
Jamal Murray,PG,G,46,46,2,35.51,8.0,16.5,0.482,2.7,6.6,0.414,2.7,3.1,0.859,4.0,4.8,1.3,0.3,2.2,21.3,2020-2021
Mike Muscala,C,C,35,0,12,18.44,3.4,7.6,0.446,1.9,5.3,0.37,0.9,1.0,0.917,3.8,0.8,0.2,0.3,0.6,9.7,2020-2021
Sviatoslav Mykhailiuk,SF,F,43,7,3,18.39,2.7,6.7,0.399,1.7,4.8,0.341,0.6,0.7,0.774,2.3,1.6,0.8,0.2,1.2,7.6,2020-2021
Abdel Nader,SF,F,24,0,23,14.8,2.4,4.8,0.491,0.8,1.8,0.419,1.2,1.5,0.757,2.6,0.8,0.4,0.4,0.8,6.7,2020-2021
Larry Nance Jr.,PF,F,29,27,19,32.75,4.0,8.1,0.487,1.2,3.3,0.379,0.9,1.4,0.634,7.1,3.1,1.8,0.6,1.5,10.1,2020-2021
Aaron Nesmith,SF,F,26,0,22,14.57,1.2,3.3,0.372,0.8,2.4,0.333,0.4,0.5,0.714,2.3,0.4,0.3,0.2,0.6,3.7,2020-2021
Raul Neto,PG,G,41,6,6,20.53,3.1,6.9,0.451,1.0,2.6,0.368,0.9,1.0,0.814,2.3,2.2,1.1,0.1,0.7,8.0,2020-2021
Georges Niang,PF,F,47,0,0,13.71,1.9,4.6,0.423,1.3,3.3,0.396,0.1,0.1,1.0,2.1,0.7,0.3,0.1,0.6,5.3,2020-2021
Zeke Nnaji,PF,F,31,1,17,10.47,1.4,2.6,0.524,0.6,1.5,0.413,0.4,0.5,0.8,1.7,0.2,0.1,0.1,0.2,3.8,2020-2021
Nerlens Noel,C,C,42,19,6,22.78,2.1,3.5,0.604,0.0,0.0,0.0,0.6,0.9,0.658,6.1,0.6,1.0,2.0,1.2,4.9,2020-2021
Jaylen Nowell,SG,G,34,0,14,19.47,3.8,8.6,0.445,1.4,3.7,0.362,1.1,1.4,0.83,2.4,1.6,0.6,0.3,0.7,10.1,2020-2021
Frank Ntilikina,PG,G,17,4,31,14.71,1.4,3.8,0.359,1.0,2.2,0.459,0.4,0.7,0.5,1.4,0.8,0.8,0.1,0.6,4.1,2020-2021
Kendrick Nunn,PG,G,38,26,11,28.61,5.2,11.4,0.457,2.0,5.4,0.372,1.0,1.1,0.907,3.1,2.6,1.0,0.2,1.5,13.5,2020-2021
Jusuf Nurkic,C,C,15,15,32,22.6,3.9,8.0,0.492,0.3,1.1,0.312,1.3,2.4,0.528,7.3,2.7,0.9,0.9,2.1,9.5,2020-2021
David Nwaba,SF,F,30,9,17,22.62,3.5,7.2,0.488,0.6,2.1,0.27,1.6,2.3,0.691,3.9,1.0,1.0,0.7,0.6,9.2,2020-2021
Jordan Nwora,SF,F,16,1,31,8.49,1.6,3.9,0.403,0.8,1.6,0.48,0.8,1.1,0.765,1.8,0.2,0.4,0.2,0.9,4.7,2020-2021
Royce O'Neale,SF,F,47,47,0,32.0,2.6,5.6,0.458,1.7,4.0,0.413,0.6,0.7,0.853,6.7,2.5,0.8,0.5,1.2,7.4,2020-2021
Semi Ojeleye,PF,F,40,9,8,19.13,1.8,4.4,0.408,1.2,3.1,0.392,0.6,0.8,0.733,2.9,0.8,0.3,0.0,0.4,5.3,2020-2021
Jahlil Okafor,C,C,12,0,36,9.97,2.1,3.5,0.595,0.0,0.2,0.0,0.1,0.2,0.5,2.2,0.2,0.2,0.2,0.3,4.2,2020-2021
Chuma Okeke,PF,F,32,6,16,23.01,2.3,5.4,0.428,1.1,2.7,0.4,0.5,0.7,0.727,3.9,2.0,0.8,0.4,0.8,6.2,2020-2021
Josh Okogie,SG,G,36,21,12,19.8,1.5,4.4,0.35,0.4,1.8,0.227,1.3,1.6,0.814,2.6,1.2,0.9,0.4,0.7,4.8,2020-2021
Onyeka Okongwu,C,C,26,1,22,8.97,1.2,2.0,0.604,0.0,0.0,0.0,0.5,0.8,0.571,2.3,0.2,0.3,0.5,0.4,2.9,2020-2021
Isaac Okoro,SG,G,43,43,5,31.93,2.9,7.0,0.413,0.8,2.8,0.283,1.2,1.7,0.68,2.8,1.8,1.0,0.4,1.5,7.8,2020-2021
KZ Okpala,PF,F,25,9,24,12.88,1.1,2.6,0.409,0.4,1.5,0.297,0.1,0.2,0.333,2.0,0.4,0.2,0.3,0.5,2.7,2020-2021
Victor Oladipo,SG,G,30,30,19,33.06,7.4,18.0,0.409,2.5,7.5,0.327,3.1,4.2,0.752,5.0,4.7,1.4,0.4,2.4,20.3,2020-2021
Kelly Olynyk,C,C,46,40,3,26.97,4.0,8.9,0.446,1.8,5.6,0.316,0.9,1.1,0.824,6.0,2.2,1.0,0.7,1.3,10.6,2020-2021
Miye Oni,SG,G,33,0,14,8.33,0.7,1.8,0.373,0.6,1.6,0.385,0.2,0.2,0.833,1.7,0.3,0.2,0.2,0.2,2.1,2020-2021
Cedi Osman,SF,F,45,17,3,24.92,3.5,9.8,0.354,1.7,5.6,0.307,1.2,1.6,0.746,3.4,2.6,1.0,0.2,1.0,9.9,2020-2021
Daniel Oturu,C,C,17,0,33,4.3,0.7,1.4,0.522,0.0,0.1,0.0,0.1,0.2,0.5,1.2,0.4,0.1,0.2,0.3,1.5,2020-2021
Kelly Oubre Jr.,SF,F,46,46,2,30.71,5.7,13.1,0.435,1.5,5.1,0.3,2.1,3.1,0.688,5.9,1.4,1.0,0.8,1.2,15.1,2020-2021
Jabari Parker,PF,F,3,0,41,9.08,1.3,2.3,0.571,0.0,0.3,0.0,0.0,0.0,0.0,2.0,0.3,0.0,0.3,1.0,2.7,2020-2021
Eric Paschall,PF,F,38,2,10,17.2,3.7,7.5,0.496,0.4,1.3,0.32,1.6,2.3,0.713,3.1,1.3,0.3,0.2,1.0,9.5,2020-2021
Anzejs Pasecniks,C,C,1,0,10,6.32,0.0,1.0,0.0,0.0,1.0,0.0,0.0,0.0,0.0,1.0,1.0,0.0,0.0,5.0,0.0,2020-2021
Patrick Patterson,PF,F,21,2,29,13.25,1.7,3.6,0.474,1.0,2.5,0.396,0.3,0.4,0.75,1.7,0.6,0.4,0.2,0.4,4.7,2020-2021
Justin Patton,C,C,13,6,6,18.98,2.2,5.4,0.414,0.7,2.6,0.265,0.2,0.3,0.75,3.8,1.1,0.9,1.1,0.3,5.4,2020-2021
Chris Paul,PG,G,46,46,1,31.91,6.0,12.5,0.483,1.3,3.6,0.359,2.6,2.8,0.93,4.7,8.7,1.4,0.2,2.3,15.9,2020-2021
Cameron Payne,PG,G,36,0,11,16.89,2.6,5.4,0.472,1.0,2.4,0.398,0.7,0.8,0.897,2.2,3.6,0.6,0.2,1.0,6.8,2020-2021
Elfrid Payton,PG,G,39,39,9,27.17,5.0,11.5,0.438,0.5,1.8,0.254,1.6,2.3,0.719,3.8,3.5,0.8,0.2,1.8,12.2,2020-2021
Norvel Pelle,C,C,4,0,10,7.88,0.8,2.0,0.375,0.0,0.0,0.0,0.8,1.0,0.75,2.0,0.2,0.0,0.8,0.8,2.2,2020-2021
Reggie Perry,PF,F,16,0,33,11.2,1.7,4.0,0.422,0.2,1.1,0.222,0.5,0.7,0.727,3.8,0.8,0.2,0.4,0.8,4.1,2020-2021
Theo Pinson,SG,G,13,0,35,2.16,0.1,0.6,0.125,0.0,0.5,0.0,0.0,0.0,0.0,0.2,0.1,0.0,0.0,0.1,0.2,2020-2021
Mason Plumlee,C,C,46,46,2,27.57,4.2,7.0,0.603,0.0,0.2,0.0,2.1,3.2,0.655,9.3,3.6,0.8,0.9,2.0,10.5,2020-2021
Jakob Poeltl,C,C,46,28,0,25.23,3.6,5.7,0.631,0.0,0.0,0.0,0.7,1.8,0.39,8.0,1.8,0.6,1.6,1.2,7.9,2020-2021
Vincent Poirier,C,C,10,0,35,3.91,0.3,1.2,0.25,0.0,0.1,0.0,0.2,0.6,0.333,1.3,0.2,0.0,0.3,0.3,0.8,2020-2021
Aleksej Pokusevski,PF,F,27,10,20,22.62,2.3,7.6,0.307,1.0,4.1,0.234,0.6,0.7,0.895,4.7,1.8,0.4,1.0,1.6,6.3,2020-2021
Jordan Poole,SG,G,27,5,21,17.03,3.7,8.0,0.465,1.7,4.6,0.379,1.7,1.9,0.922,1.6,1.6,0.4,0.1,0.8,11.0,2020-2021
Jontay Porter,PF,F,2,0,43,4.89,1.0,2.0,0.5,0.5,1.0,0.5,0.0,0.0,0.0,3.5,0.5,1.0,0.0,1.0,2.5,2020-2021
Kevin Porter Jr.,SG,G,10,7,38,30.22,6.5,14.6,0.445,1.4,6.1,0.23,1.5,2.6,0.577,2.8,5.8,0.9,0.5,2.8,15.9,2020-2021
Michael Porter Jr.,SF,F,38,31,10,29.87,6.3,11.8,0.536,2.5,5.5,0.45,1.5,2.1,0.744,7.4,1.0,0.7,0.9,1.1,16.6,2020-2021
Otto Porter,SF,F,28,6,19,21.67,3.5,8.1,0.432,1.4,3.7,0.375,1.3,1.5,0.857,5.4,2.0,0.6,0.1,0.9,9.7,2020-2021
Bobby Portis,C,C,43,2,4,20.99,4.6,8.6,0.538,1.1,2.4,0.48,0.7,0.9,0.737,6.8,1.1,0.8,0.4,0.8,11.0,2020-2021
Kristaps Porzingis,C,C,30,30,16,30.5,7.7,16.0,0.478,2.3,6.3,0.367,2.7,3.3,0.828,8.9,1.6,0.5,1.6,1.3,20.4,2020-2021
Dwight Powell,C,C,32,8,14,14.62,1.4,2.9,0.489,0.1,0.5,0.235,1.6,2.1,0.773,3.4,0.8,0.5,0.3,0.6,4.6,2020-2021
Norman Powell,SG,G,45,34,3,30.53,6.6,13.2,0.499,2.8,6.2,0.445,3.4,4.0,0.85,3.0,1.8,1.2,0.2,1.8,19.4,2020-2021
Taurean Prince,PF,F,31,10,18,21.26,2.7,7.3,0.367,1.3,3.5,0.376,1.5,1.7,0.852,3.5,1.7,0.6,0.6,1.1,8.2,2020-2021
Payton Pritchard,SG,G,42,1,6,19.62,2.7,5.9,0.46,1.4,3.3,0.42,0.5,0.6,0.875,2.2,2.0,0.5,0.2,0.9,7.3,2020-2021
Immanuel Quickley,PG,G,43,3,5,19.88,3.9,10.1,0.387,1.9,5.2,0.372,2.8,3.1,0.888,2.3,2.3,0.5,0.2,1.0,12.5,2020-2021
Jahmi'us Ramsey,SG,G,5,0,43,3.36,0.6,1.0,0.6,0.2,0.6,0.333,0.0,0.0,0.0,0.8,0.2,0.0,0.2,0.2,1.4,2020-2021
Chasson Randle,PG,G,19,4,1,21.65,2.1,5.3,0.39,1.2,3.1,0.379,0.8,0.9,0.833,2.2,2.4,0.5,0.1,1.1,6.1,2020-2021
Julius Randle,PF,F,47,47,1,37.08,8.3,17.6,0.47,2.0,4.8,0.419,4.5,5.7,0.788,10.8,5.8,0.9,0.2,3.3,23.1,2020-2021
Cam Reddish,SF,F,26,21,22,28.86,3.7,10.1,0.365,1.3,4.8,0.262,2.6,3.2,0.817,4.0,1.3,1.3,0.3,1.3,11.2,2020-2021
J.J. Redick,SG,G,31,0,16,18.6,2.8,6.9,0.407,1.6,4.5,0.364,1.5,1.5,0.957,1.7,1.3,0.3,0.1,0.8,8.7,2020-2021
Paul Reed,PF,F,11,0,37,7.9,1.4,3.2,0.429,0.0,0.5,0.0,0.0,0.1,0.0,1.9,0.3,0.4,0.5,0.5,2.7,2020-2021
Naz Reid,C,C,46,13,2,19.09,4.2,8.2,0.517,0.8,2.3,0.336,1.7,2.3,0.704,4.5,1.2,0.6,1.1,1.1,10.9,2020-2021
Cameron Reynolds,SF,F,3,0,1,2.06,0.3,0.7,0.5,0.0,0.0,0.0,0.0,0.0,0.0,0.0,0.0,0.0,0.0,0.0,0.7,2020-2021
Nick Richards,PF,F,12,0,35,3.48,0.2,0.5,0.5,0.0,0.0,0.0,0.6,0.9,0.636,0.7,0.0,0.0,0.0,0.1,1.1,2020-2021
Josh Richardson,SG,G,37,37,9,32.17,4.5,10.4,0.433,1.6,4.9,0.322,2.0,2.2,0.926,3.5,2.8,0.9,0.4,1.6,12.6,2020-2021
Austin Rivers,SG,G,21,2,25,21.05,2.8,6.4,0.43,1.3,3.7,0.364,0.5,0.7,0.714,2.2,2.0,0.6,0.0,1.0,7.3,2020-2021
Andre Roberson,SG,G,5,0,2,12.59,0.4,2.8,0.143,0.2,1.6,0.125,0.2,0.4,0.5,3.0,0.8,0.6,0.2,0.4,1.2,2020-2021
Duncan Robinson,SF,F,49,49,0,32.82,4.3,10.0,0.432,3.4,8.6,0.398,1.0,1.1,0.839,3.8,1.8,0.5,0.2,1.2,13.0,2020-2021
Glenn Robinson III,SF,F,23,2,8,16.06,1.8,4.3,0.424,0.7,1.9,0.364,0.9,1.0,0.913,2.0,0.9,0.2,0.1,0.5,5.3,2020-2021
Jerome Robinson,SG,G,17,6,30,17.94,1.6,5.6,0.295,0.6,2.5,0.262,0.9,1.2,0.8,2.2,1.5,0.7,0.4,1.1,4.9,2020-2021
Mitchell Robinson,C,C,31,29,17,27.5,3.7,5.7,0.653,0.0,0.0,0.0,0.8,1.7,0.491,8.1,0.5,1.1,1.5,0.8,8.3,2020-2021
Isaiah Roby,PF,F,41,21,6,23.46,3.5,6.9,0.509,0.5,1.7,0.324,1.6,2.2,0.73,5.7,1.8,0.9,0.7,1.7,9.1,2020-2021
Rajon Rondo,PG,G,27,2,21,14.87,1.6,4.1,0.4,0.6,1.7,0.378,0.0,0.1,0.5,2.0,3.5,0.7,0.1,1.4,3.9,2020-2021
Derrick Rose,PG,G,27,3,19,23.83,5.1,11.9,0.43,1.0,2.6,0.38,2.4,2.8,0.842,2.1,4.3,1.1,0.4,1.9,13.6,2020-2021
Terrence Ross,SG,G,38,2,10,29.62,5.7,13.9,0.409,2.2,6.2,0.355,2.5,2.8,0.895,3.4,2.3,1.1,0.5,1.7,16.0,2020-2021
Terry Rozier,SG,G,45,45,2,33.3,7.2,15.3,0.475,3.4,8.0,0.417,2.6,3.1,0.837,4.0,3.4,1.2,0.3,1.9,20.5,2020-2021
Ricky Rubio,PG,G,46,31,2,26.41,2.7,7.1,0.385,0.8,2.8,0.291,2.1,2.4,0.848,3.2,6.9,1.4,0.0,1.9,8.3,2020-2021
D'Angelo Russell,PG,G,20,19,28,29.16,7.0,16.3,0.426,3.0,7.4,0.399,2.4,3.2,0.75,2.6,5.0,1.1,0.5,2.7,19.2,2020-2021
Domantas Sabonis,PF,F,46,46,0,36.11,7.6,14.4,0.526,0.8,2.6,0.305,4.2,5.9,0.72,11.3,6.1,1.2,0.6,3.4,20.2,2020-2021
Luka Samanic,PF,F,18,1,28,8.87,1.3,2.7,0.49,0.4,1.4,0.32,0.5,0.9,0.529,2.1,0.3,0.2,0.2,0.6,3.6,2020-2021
JaKarr Sampson,PF,F,16,0,30,6.16,0.9,2.1,0.455,0.1,0.3,0.2,0.5,0.6,0.8,1.9,0.1,0.1,0.2,0.4,2.4,2020-2021
Dario Saric,C,C,29,0,18,18.6,3.7,7.8,0.476,1.2,3.1,0.374,1.7,1.9,0.893,4.2,1.3,0.6,0.1,1.3,10.3,2020-2021
Tomas Satoransky,SG,G,35,10,11,22.83,2.9,5.7,0.502,0.8,2.0,0.394,1.3,1.4,0.92,2.5,4.9,0.7,0.3,1.7,7.9,2020-2021
Dennis Schroder,SG,G,44,44,4,31.74,5.3,12.2,0.433,1.0,3.2,0.321,3.8,4.6,0.841,3.5,5.0,1.2,0.2,2.7,15.4,2020-2021
Mike Scott,PF,F,29,7,19,17.81,1.4,3.9,0.354,1.0,3.1,0.322,0.2,0.3,0.6,2.8,0.7,0.6,0.2,0.5,4.0,2020-2021
Collin Sexton,SG,G,41,41,7,35.91,8.8,18.4,0.476,1.7,4.5,0.372,4.7,5.8,0.811,2.9,4.2,1.2,0.1,2.7,23.9,2020-2021
Landry Shamet,SG,G,40,1,9,20.15,2.6,6.6,0.399,1.9,4.9,0.386,0.9,1.1,0.837,1.8,1.1,0.5,0.1,0.8,8.0,2020-2021
Iman Shumpert,SG,G,2,0,13,5.49,0.5,2.0,0.25,0.0,1.5,0.0,0.0,0.0,0.0,0.5,0.0,0.5,0.0,0.5,1.0,2020-2021
Pascal Siakam,PF,F,39,39,9,35.31,7.1,16.0,0.445,1.2,4.2,0.294,4.5,5.4,0.829,7.4,4.7,1.1,0.6,2.1,20.0,2020-2021
Chris Silva,PF,F,13,0,36,6.68,0.8,1.2,0.667,0.1,0.1,1.0,0.8,1.2,0.733,2.0,0.5,0.1,0.4,0.8,2.5,2020-2021
Ben Simmons,PG,G,40,40,8,33.6,6.0,11.0,0.548,0.1,0.2,0.333,3.4,5.3,0.642,7.9,7.4,1.5,0.6,3.6,15.5,2020-2021
Anfernee Simons,SG,G,40,0,7,16.73,2.7,6.6,0.406,2.0,4.7,0.42,0.6,0.8,0.774,2.4,1.5,0.2,0.1,0.8,8.0,2020-2021
Deividas Sirvydis,SG,G,10,0,38,1.89,0.2,0.7,0.286,0.2,0.6,0.333,0.1,0.2,0.5,0.3,0.1,0.1,0.0,0.1,0.7,2020-2021
Alen Smailagic,PF,F,4,1,44,3.85,0.5,1.8,0.286,0.2,1.0,0.25,0.0,0.5,0.0,0.0,0.0,0.0,0.0,0.0,1.2,2020-2021
Marcus Smart,PG,G,29,26,19,32.14,4.2,10.6,0.399,1.9,5.7,0.331,2.8,3.5,0.784,3.0,5.4,1.5,0.6,1.6,13.1,2020-2021
Dennis Smith Jr.,PG,G,19,7,31,18.37,2.7,6.7,0.398,0.9,2.7,0.333,0.6,0.8,0.75,2.6,3.5,1.1,0.7,1.2,6.9,2020-2021
Ish Smith,PG,G,19,1,28,20.57,2.3,6.1,0.379,0.3,1.1,0.25,0.3,0.8,0.4,3.5,4.7,0.8,0.2,1.0,5.2,2020-2021
Jalen Smith,PF,F,15,0,32,4.4,0.5,1.4,0.381,0.1,0.6,0.222,0.1,0.2,0.333,1.0,0.1,0.0,0.1,0.2,1.3,2020-2021
Tony Snell,SG,G,35,18,13,20.9,1.9,3.7,0.511,1.5,2.6,0.567,0.1,0.1,1.0,2.3,1.4,0.1,0.2,0.5,5.4,2020-2021
Ray Spalding,C,C,2,0,0,9.37,1.0,2.0,0.5,0.0,0.5,0.0,0.0,1.0,0.0,2.0,0.0,0.0,1.0,1.5,2.0,2020-2021
Cassius Stanley,SG,G,12,0,34,2.76,0.3,1.2,0.267,0.1,0.4,0.2,0.3,0.4,0.8,0.7,0.0,0.0,0.2,0.1,1.1,2020-2021
Lamar Stevens,PF,F,33,0,15,13.37,1.7,3.8,0.444,0.1,0.7,0.167,0.9,1.3,0.705,2.7,0.7,0.5,0.4,0.6,4.5,2020-2021
Isaiah Stewart,C,C,46,2,2,19.02,2.7,4.9,0.562,0.2,0.5,0.417,0.7,1.0,0.674,5.7,0.8,0.5,1.0,0.9,6.4,2020-2021
Max Strus,SF,F,24,0,25,13.78,2.4,5.1,0.467,1.5,4.1,0.357,0.5,0.7,0.688,1.0,0.5,0.2,0.0,0.2,6.7,2020-2021
Edmond Sumner,SG,G,33,5,13,12.41,2.0,4.1,0.493,0.6,1.5,0.392,0.9,1.1,0.811,1.5,0.5,0.5,0.1,0.8,5.5,2020-2021
Jae'Sean Tate,SF,F,47,35,0,28.72,4.2,8.1,0.517,0.8,2.5,0.31,1.4,1.9,0.722,5.4,1.9,1.1,0.6,1.1,10.6,2020-2021
Jayson Tatum,SF,F,42,42,6,35.7,9.3,20.6,0.45,2.8,7.3,0.378,3.9,4.5,0.864,6.9,4.4,1.4,0.5,2.4,25.3,2020-2021
Jeff Teague,PG,G,34,5,11,18.12,2.3,5.5,0.415,0.8,1.6,0.464,1.5,1.8,0.836,1.7,2.1,0.8,0.2,1.1,6.9,2020-2021
Garrett Temple,SG,G,37,12,9,27.08,3.0,7.1,0.424,1.2,3.7,0.336,0.8,1.0,0.816,3.1,2.0,0.9,0.5,1.0,8.1,2020-2021
Tyrell Terry,PG,G,11,0,35,5.12,0.5,1.5,0.312,0.0,0.6,0.0,0.1,0.3,0.333,0.5,0.5,0.5,0.0,0.2,1.0,2020-2021
Daniel Theis,C,C,44,37,3,24.29,3.7,6.8,0.55,0.8,2.2,0.337,1.1,1.6,0.686,5.2,1.6,0.6,1.1,1.0,9.3,2020-2021
Brodric Thomas,SG,G,13,1,27,11.16,1.0,3.4,0.295,0.4,1.8,0.208,1.3,1.6,0.81,1.2,0.9,0.5,0.4,0.6,3.7,2020-2021
Matt Thomas,SG,G,28,0,20,7.43,0.9,2.5,0.377,0.6,1.6,0.391,0.2,0.2,0.857,0.9,0.4,0.1,0.0,0.3,2.7,2020-2021
Tristan Thompson,PF,F,36,31,12,22.52,3.3,6.2,0.534,0.0,0.1,0.0,1.3,2.2,0.6,8.4,1.0,0.4,0.4,1.0,7.9,2020-2021
Sindarius Thornwell,SG,G,14,1,27,5.24,0.5,1.5,0.333,0.2,0.6,0.333,0.0,0.1,0.0,0.4,0.3,0.4,0.1,0.3,1.2,2020-2021
Matisse Thybulle,SG,G,45,5,3,19.33,1.5,3.6,0.407,0.7,2.2,0.31,0.2,0.3,0.571,1.9,1.0,1.5,1.0,0.4,3.8,2020-2021
Killian Tillie,C,C,6,0,39,8.88,0.8,3.2,0.263,0.3,1.7,0.2,0.3,0.5,0.667,1.0,0.2,0.3,0.7,0.2,2.3,2020-2021
Xavier Tillman Sr.,PF,F,35,7,10,18.49,2.6,5.1,0.517,0.3,1.1,0.263,0.6,0.9,0.733,4.1,1.4,0.8,0.5,0.8,6.2,2020-2021
Obi Toppin,PF,F,38,0,10,11.68,1.7,3.5,0.474,0.4,1.4,0.288,0.3,0.4,0.706,2.2,0.5,0.3,0.3,0.5,4.0,2020-2021
Juan Toscano-Anderson,SG,G,33,14,15,17.95,1.9,3.5,0.557,0.6,1.5,0.438,0.4,0.5,0.722,3.8,2.2,0.6,0.5,1.0,4.9,2020-2021
Axel Toupane,SF,F,5,1,1,8.15,0.4,1.4,0.286,0.0,0.2,0.0,0.0,0.0,0.0,0.8,0.4,0.0,0.6,0.0,0.8,2020-2021
Karl-Anthony Towns,C,C,28,28,20,34.01,8.5,17.3,0.492,2.4,5.9,0.4,4.5,5.2,0.864,10.7,4.4,0.7,1.6,3.3,23.9,2020-2021
Gary Trent Jr.,SG,G,45,27,3,31.01,5.4,12.9,0.414,2.9,7.4,0.393,1.3,1.8,0.759,2.3,1.4,0.9,0.1,0.7,15.0,2020-2021
P.J. Tucker,PF,F,35,32,11,28.64,1.4,3.9,0.363,0.8,2.6,0.311,0.5,0.7,0.783,4.4,1.3,0.8,0.6,0.9,4.1,2020-2021
Rayjon Tucker,PG,G,4,0,28,3.21,0.2,0.2,1.0,0.2,0.2,1.0,1.5,1.5,1.0,0.5,0.2,0.0,0.0,0.0,2.2,2020-2021
Myles Turner,C,C,43,43,3,30.97,4.5,9.3,0.481,1.5,4.5,0.339,2.3,2.9,0.786,6.4,1.0,0.9,3.5,1.4,12.7,2020-2021
Jonas Valanciunas,C,C,40,39,5,27.7,6.6,11.9,0.553,0.3,0.9,0.297,2.6,3.5,0.755,12.6,1.8,0.6,0.7,1.8,16.1,2020-2021
Denzel Valentine,SG,G,41,3,5,18.4,2.9,7.6,0.377,1.5,4.4,0.333,0.2,0.2,1.0,3.9,1.7,0.6,0.0,0.6,7.4,2020-2021
Jarred Vanderbilt,PF,F,44,25,4,17.84,2.2,3.7,0.601,0.0,0.1,0.25,1.0,1.7,0.581,5.4,1.3,1.0,0.7,1.0,5.5,2020-2021
Fred VanVleet,SG,G,43,43,5,36.81,6.6,16.7,0.393,3.4,9.1,0.372,3.5,4.0,0.884,4.3,6.2,1.8,0.8,2.0,20.1,2020-2021
Devin Vassell,SF,F,39,1,7,16.93,1.8,4.4,0.41,0.9,2.3,0.404,0.7,0.8,0.871,3.0,0.9,0.9,0.3,0.4,5.3,2020-2021
Gabe Vincent,PG,G,34,6,15,14.88,2.0,5.4,0.368,1.0,3.5,0.28,0.6,0.7,0.87,1.1,1.5,0.5,0.1,0.8,5.6,2020-2021
Noah Vonleh,PF,F,4,0,4,2.69,0.0,0.8,0.0,0.0,0.5,0.0,0.0,0.0,0.0,0.2,0.2,0.0,0.0,0.5,0.0,2020-2021
Nikola Vucevic,C,C,47,47,0,33.9,9.8,20.3,0.484,2.6,6.4,0.403,2.1,2.6,0.842,11.6,3.8,0.9,0.6,1.8,24.4,2020-2021
Dean Wade,PF,F,40,7,8,14.88,1.7,4.0,0.434,1.0,2.6,0.368,0.4,0.5,0.762,2.7,1.0,0.3,0.3,0.4,4.8,2020-2021
Moritz Wagner,C,C,29,14,18,14.21,2.2,4.6,0.489,0.5,1.6,0.304,1.4,1.9,0.778,2.9,1.2,0.8,0.3,0.9,6.4,2020-2021
Kemba Walker,PG,G,29,29,19,31.02,6.2,15.7,0.395,2.8,8.1,0.35,3.1,3.3,0.937,3.6,4.7,1.2,0.3,2.2,18.3,2020-2021
Lonnie Walker,SG,G,37,30,9,26.15,4.4,10.4,0.425,1.7,4.8,0.356,1.0,1.2,0.783,2.8,1.6,0.5,0.4,1.0,11.5,2020-2021
John Wall,PG,G,32,32,15,31.81,7.2,17.9,0.4,1.9,6.1,0.318,3.9,5.3,0.746,3.4,6.8,1.0,0.8,3.4,20.2,2020-2021
Brad Wanamaker,PG,G,41,0,8,15.69,1.6,4.3,0.36,0.3,1.5,0.222,1.3,1.4,0.897,1.6,2.5,0.6,0.1,1.0,4.7,2020-2021
T.J. Warren,SF,F,4,4,42,29.35,6.8,12.8,0.529,0.0,1.8,0.0,2.0,2.5,0.8,3.5,1.2,0.5,0.0,1.0,15.5,2020-2021
P.J. Washington,PF,F,43,43,4,29.67,4.2,9.6,0.436,1.3,3.6,0.379,2.0,2.5,0.778,6.7,2.7,1.0,1.3,2.2,11.7,2020-2021
Yuta Watanabe,SF,F,29,1,19,11.15,0.8,2.4,0.329,0.4,1.2,0.361,0.3,0.3,0.9,2.9,0.4,0.4,0.5,0.3,2.3,2020-2021
Tremont Waters,PG,G,12,1,36,8.3,0.8,2.6,0.323,0.5,1.2,0.4,0.6,0.7,0.875,0.7,2.6,0.5,0.0,1.1,2.8,2020-2021
Paul Watson,SF,F,24,0,24,9.75,1.0,2.3,0.455,0.8,1.8,0.455,0.1,0.2,0.5,1.5,0.5,0.2,0.1,0.2,3.0,2020-2021
Quinndary Weatherspoon,SG,G,12,0,34,4.15,0.2,0.8,0.2,0.0,0.2,0.0,0.2,0.2,1.0,0.2,0.3,0.3,0.1,0.7,0.5,2020-2021
Russell Westbrook,PG,G,40,40,7,35.04,8.2,18.9,0.433,1.4,4.3,0.32,3.9,6.5,0.606,10.3,10.6,1.3,0.4,5.0,21.6,2020-2021
Coby White,PG,G,44,36,2,31.54,5.5,13.5,0.409,2.2,6.4,0.351,1.8,2.0,0.895,4.6,4.6,0.5,0.2,2.2,15.0,2020-2021
Derrick White,SG,G,22,18,24,28.69,4.7,11.8,0.396,2.3,6.5,0.352,2.5,3.0,0.831,2.7,3.3,0.7,1.0,1.4,14.1,2020-2021
Hassan Whiteside,C,C,28,1,20,14.86,3.4,6.2,0.555,0.0,0.0,0.0,1.2,2.2,0.524,6.0,0.6,0.2,1.4,1.1,8.0,2020-2021
Greg Whittington,PF,F,4,0,44,3.0,0.0,0.8,0.0,0.0,0.5,0.0,0.0,0.0,0.0,0.0,0.0,0.0,0.0,0.0,0.0,2020-2021
Andrew Wiggins,PF,F,48,48,0,32.38,6.8,14.4,0.473,2.1,5.2,0.4,2.5,3.6,0.703,4.8,2.3,0.9,1.0,2.0,18.3,2020-2021
Grant Williams,PF,F,40,8,8,18.65,1.8,3.9,0.449,0.8,2.1,0.398,0.5,0.9,0.528,3.1,1.0,0.6,0.4,0.8,4.8,2020-2021
Kenrich Williams,PF,F,47,7,0,20.0,3.1,5.3,0.578,0.7,1.5,0.451,0.4,0.8,0.541,4.1,1.9,0.7,0.2,1.0,7.2,2020-2021
Lou Williams,PG,G,43,3,7,21.86,4.3,10.2,0.418,1.0,2.8,0.375,2.4,2.8,0.86,2.1,3.5,0.9,0.1,1.6,12.0,2020-2021
Patrick Williams,PF,F,45,45,1,28.36,3.8,8.1,0.474,0.8,2.2,0.38,1.3,1.7,0.766,4.9,1.3,0.7,0.7,1.4,9.8,2020-2021
Robert Williams,C,C,40,3,8,18.04,3.4,4.7,0.714,0.0,0.0,0.0,1.0,1.5,0.644,6.7,1.6,0.9,1.8,1.0,7.7,2020-2021
Zion Williamson,PF,F,44,44,3,32.81,10.1,16.2,0.624,0.2,0.5,0.348,6.0,8.5,0.708,7.1,3.5,0.9,0.7,2.6,26.4,2020-2021
D.J. Wilson,PF,F,19,0,29,10.32,1.6,3.9,0.413,0.9,2.3,0.395,0.3,0.4,0.75,2.6,0.4,0.1,0.5,0.6,4.5,2020-2021
Dylan Windler,SF,F,31,0,17,16.54,1.8,4.2,0.438,0.8,2.5,0.338,0.7,0.9,0.778,3.5,1.1,0.6,0.4,1.0,5.2,2020-2021
Justise Winslow,SF,F,16,0,29,21.04,3.1,9.1,0.342,0.3,2.6,0.122,0.6,1.0,0.562,4.8,1.8,0.8,0.4,1.6,7.1,2020-2021
Cassius Winston,PG,G,12,0,35,6.17,0.8,1.8,0.409,0.6,1.1,0.538,0.2,0.2,1.0,0.6,0.8,0.2,0.1,0.1,2.2,2020-2021
James Wiseman,C,C,34,22,14,21.56,4.9,9.4,0.517,0.3,1.0,0.333,1.6,2.4,0.639,5.9,0.6,0.3,1.0,1.6,11.6,2020-2021
Christian Wood,C,C,24,24,23,31.21,8.3,15.2,0.544,1.7,4.5,0.37,2.9,4.3,0.68,9.7,1.4,0.9,1.5,1.8,21.2,2020-2021
Robert Woodard,SF,F,10,0,38,2.55,0.6,1.3,0.462,0.1,0.4,0.25,0.3,0.8,0.375,1.1,0.0,0.0,0.1,0.1,1.6,2020-2021
Delon Wright,SG,G,39,31,7,28.72,3.6,7.9,0.46,0.8,2.4,0.351,2.0,2.5,0.798,4.5,4.9,1.6,0.5,1.3,10.2,2020-2021
Thaddeus Young,PF,F,42,9,4,24.96,5.6,9.5,0.59,0.1,0.6,0.24,0.8,1.4,0.567,6.5,4.4,1.3,0.6,2.0,12.2,2020-2021
Trae Young,PG,G,46,46,2,34.42,7.7,17.8,0.433,2.4,6.6,0.363,7.7,8.8,0.872,4.0,9.6,0.9,0.2,4.3,25.5,2020-2021
Cody Zeller,C,C,28,20,19,21.51,3.6,7.0,0.513,0.1,0.8,0.136,1.6,2.2,0.698,7.0,2.1,0.7,0.4,0.9,8.9,2020-2021
Ivica Zubac,C,C,50,11,0,21.48,3.4,5.3,0.639,0.0,0.1,0.0,1.9,2.3,0.829,7.3,1.1,0.4,0.9,1.1,8.7,2020-2021
